kf_mgkg,frequency_thz,eps_real
75,0.5,1.0562553643323362
75,0.505,1.057024101175921
75,0.51,1.0529289115529816
75,0.515,1.0567965544179165
75,0.52,1.053660307339075
75,0.525,1.050387965599949
75,0.53,1.0523735498461535
75,0.535,1.0551329392192834
75,0.54,1.0541113029982307
75,0.545,1.0500568703035051
75,0.55,1.0541180420027543
75,0.555,1.0519983420374728
75,0.56,1.0529292803481183
75,0.565,1.0523470821624872
75,0.5700000000000001,1.0482760286517836
75,0.575,1.0516991607810389
75,0.58,1.048960233619824
75,0.585,1.0540030741934303
75,0.59,1.0516047466783358
75,0.595,1.0495752913972387
75,0.6,1.0466690239867615
75,0.605,1.0489323215168531
75,0.61,1.0488690866876802
75,0.615,1.045123665946009
75,0.62,1.0533848721657237
75,0.625,1.0484965808201805
75,0.63,1.0514302231642998
75,0.635,1.044110074866606
75,0.64,1.0506787122514059
75,0.645,1.0428887968067064
75,0.65,1.0443698061432036
75,0.655,1.0470656104827307
75,0.66,1.045546215397929
75,0.665,1.0392529892916318
75,0.67,1.0421115880976726
75,0.675,1.0467030555160572
75,0.6799999999999999,1.049566735182042
75,0.685,1.046378560998142
75,0.69,1.0431512830526026
75,0.6950000000000001,1.0455894559534922
75,0.7,1.040501230724409
75,0.7050000000000001,1.0444043524337194
75,0.71,1.03953610598479
75,0.715,1.0426630354504538
75,0.72,1.0421479198004107
75,0.725,1.0442747959136058
75,0.73,1.0413137993180075
75,0.735,1.044884650967915
75,0.74,1.0412030893592175
75,0.745,1.0436085163953934
75,0.75,1.0433129314322311
75,0.755,1.0365805048326253
75,0.76,1.0411199120340966
75,0.765,1.0409663282918467
75,0.77,1.0387872688041095
75,0.775,1.041047424609155
75,0.78,1.0368320266660596
75,0.785,1.0417404858862742
75,0.79,1.0415108297495659
75,0.7949999999999999,1.0408810529707822
75,0.8,1.046222143532938
75,0.8049999999999999,1.040819457483856
75,0.81,1.0400223420816883
75,0.815,1.0379451895864806
75,0.8200000000000001,1.0404479773195041
75,0.825,1.0372370001086966
75,0.8300000000000001,1.0427643036497025
75,0.835,1.0379159039667283
75,0.8400000000000001,1.0398883303043547
75,0.845,1.0444313217134389
75,0.8500000000000001,1.0423372847763581
75,0.855,1.0400108333390212
75,0.86,1.0428379309948936
75,0.865,1.039242171993839
75,0.87,1.041363485444467
75,0.875,1.0394262489573571
75,0.88,1.037124236056646
75,0.885,1.0404788875689566
75,0.89,1.041761163906044
75,0.895,1.0385864410535264
75,0.9,1.0367417460573443
75,0.905,1.0382024791125086
75,0.91,1.0336173735404004
75,0.915,1.0380967244100991
75,0.9199999999999999,1.0369819606014634
75,0.925,1.044785427141604
75,0.9299999999999999,1.038381273046585
75,0.935,1.0360048410112885
75,0.94,1.042112459150314
75,0.9450000000000001,1.0395748373079827
75,0.95,1.0402160231759425
75,0.9550000000000001,1.0406517478399662
75,0.96,1.040792815322918
75,0.9650000000000001,1.0394264157320787
75,0.97,1.0428456794072172
75,0.9750000000000001,1.0418666736802238
75,0.98,1.039421651908227
75,0.985,1.040338005077892
75,0.99,1.0385138383004726
75,0.995,1.041687437219086
75,1.0,1.0429436271259855
75,1.005,1.0428396378832052
75,1.01,1.0428661552229077
75,1.0150000000000001,1.0411310245128083
75,1.02,1.04551415616263
75,1.025,1.0411697105362143
75,1.03,1.0418844826477993
75,1.0350000000000001,1.0410912571195683
75,1.04,1.0422577843457053
75,1.045,1.0415765434886641
75,1.05,1.0473816261844326
75,1.0550000000000002,1.0434889975404453
75,1.06,1.0383398345055277
75,1.065,1.0415848442688402
75,1.07,1.039250537333943
75,1.0750000000000002,1.0451114176696734
75,1.08,1.0464675218684028
75,1.085,1.0420213922918424
75,1.0899999999999999,1.044799172935375
75,1.095,1.042854463087344
75,1.1,1.0445124763224278
75,1.105,1.0479335606546918
75,1.1099999999999999,1.0428367308570847
75,1.115,1.0407326459373132
75,1.12,1.045713462482869
75,1.125,1.0453084183380303
75,1.13,1.0457975256577834
75,1.135,1.046771730560967
75,1.1400000000000001,1.0425916735135419
75,1.145,1.0394646544261132
75,1.15,1.0470631173654263
75,1.155,1.0435162214333862
75,1.1600000000000001,1.0415920030904937
75,1.165,1.0417579264502357
75,1.17,1.0475630579609791
75,1.175,1.0452528428426717
75,1.1800000000000002,1.0456116542644596
75,1.185,1.047028857400411
75,1.19,1.0432538317016498
75,1.195,1.0421710503615065
75,1.2000000000000002,1.0428836313771432
75,1.205,1.0422810318006057
75,1.21,1.0443353448163863
75,1.2149999999999999,1.0428502946294418
75,1.22,1.0451828871356397
75,1.225,1.0438865441856997
75,1.23,1.0448847819306604
75,1.2349999999999999,1.0466988643279902
75,1.24,1.0485607370944148
75,1.245,1.0489239547240081
75,1.25,1.0452913052637343
75,1.255,1.0454980623172727
75,1.26,1.0436524979014732
75,1.2650000000000001,1.0473878247399842
75,1.27,1.048644818141246
75,1.275,1.0432668044188678
75,1.28,1.0465894908352844
75,1.2850000000000001,1.0437766372975663
75,1.29,1.0440869681658862
75,1.295,1.04488251681199
75,1.3,1.0433187380523792
75,1.3050000000000002,1.0464521272448981
75,1.31,1.040360224206169
75,1.315,1.0422396523316686
75,1.32,1.0435507106954056
75,1.3250000000000002,1.041101090958356
75,1.33,1.0444714897987453
75,1.335,1.0396322363429509
75,1.3399999999999999,1.043399931254617
75,1.345,1.0394967401157769
75,1.35,1.0425626683108724
75,1.355,1.044017368565762
75,1.3599999999999999,1.0480705685773635
75,1.365,1.0450633525932662
75,1.37,1.0462131811995061
75,1.375,1.0421340974986912
75,1.38,1.047040953205762
75,1.385,1.040929357547162
75,1.3900000000000001,1.0406764373222306
75,1.395,1.0378697851188396
75,1.4,1.0413924206310028
75,1.405,1.0432264386990335
75,1.4100000000000001,1.0387574010140008
75,1.415,1.0391592321834227
75,1.42,1.038664774788008
75,1.425,1.0387272445338684
75,1.4300000000000002,1.0378066312889536
75,1.435,1.0356288203510473
75,1.44,1.0421724317571444
75,1.445,1.0335016328842968
75,1.4500000000000002,1.0358193816875105
75,1.455,1.038697739377826
75,1.46,1.0400639794835314
75,1.4649999999999999,1.0367058212369513
75,1.47,1.0362071864154092
75,1.475,1.0367228789067802
75,1.48,1.0356258788748407
75,1.4849999999999999,1.0381472556541946
75,1.49,1.0344208986081112
75,1.495,1.0328338900110017
75,1.5,1.0337819575097613
75,1.5050000000000001,1.0348674957628392
75,1.51,1.037360301809584
75,1.5150000000000001,1.037944836177106
75,1.52,1.0326021153202414
75,1.525,1.0295935403025904
75,1.53,1.0294457282492497
75,1.535,1.0378683493496912
75,1.54,1.031195985109405
75,1.545,1.0329947179535228
75,1.55,1.0362888475204046
75,1.555,1.0294401317580648
75,1.56,1.0302980930187748
75,1.565,1.0289766796750124
75,1.57,1.0273317668657471
75,1.575,1.031714300587419
75,1.58,1.0320226976064424
75,1.585,1.0243180358932278
75,1.59,1.0311012052577708
75,1.595,1.027702385126678
75,1.6,1.0283977848804178
75,1.605,1.0280810628117303
75,1.61,1.0239691819903347
75,1.615,1.026109167643646
75,1.62,1.0240617652900978
75,1.625,1.0309819753829408
75,1.6300000000000001,1.0313155653025718
75,1.635,1.0257206308436244
75,1.6400000000000001,1.022225465051473
75,1.645,1.0277282072131795
75,1.6500000000000001,1.0240313749302674
75,1.655,1.0285415972543397
75,1.66,1.0287748754830357
75,1.665,1.0277141060610753
75,1.67,1.0222263103950302
75,1.675,1.0204059277696875
75,1.68,1.0209343591179023
75,1.685,1.0220463773277462
75,1.69,1.0196775345091575
75,1.695,1.024675007847585
75,1.7,1.0230446628978673
75,1.705,1.021030543935609
75,1.71,1.019834120032131
75,1.715,1.0221833720518967
75,1.72,1.0237365986072255
75,1.725,1.0152021433094516
75,1.73,1.0203531481994144
75,1.735,1.0187650114488727
75,1.74,1.0174093109496096
75,1.745,1.018176572345219
75,1.75,1.0191320600656246
75,1.7550000000000001,1.0232420693096955
75,1.76,1.018489619852253
75,1.7650000000000001,1.0170579087221392
75,1.77,1.0148563143151568
75,1.7750000000000001,1.0196579495444615
75,1.78,1.0156487100513807
75,1.785,1.0170563037320786
75,1.79,1.0189425708017237
75,1.795,1.0171169332862078
75,1.8,1.015853605223389
75,1.805,1.0162276094262235
75,1.81,1.0187526148852042
75,1.815,1.0163121184402104
75,1.82,1.0168295180147162
75,1.825,1.0171487611249246
75,1.83,1.0151312884948143
75,1.835,1.0166706801732108
75,1.84,1.0150492037152352
75,1.845,1.0184734214954603
75,1.85,1.016798104928127
75,1.855,1.0111296607917004
75,1.86,1.014856181655939
75,1.865,1.0180736661538026
75,1.87,1.0147017919861978
75,1.875,1.014117909130427
75,1.8800000000000001,1.0176056257763253
75,1.885,1.0123689747226556
75,1.8900000000000001,1.0151990977443361
75,1.895,1.0164796654125547
75,1.9000000000000001,1.0171085241929334
75,1.905,1.012376396014854
75,1.91,1.0118318382481657
75,1.915,1.0186777948799888
75,1.92,1.0129957190011176
75,1.925,1.0147236656333065
75,1.93,1.0210391607809688
75,1.935,1.0138167076165383
75,1.94,1.0094992793860629
75,1.945,1.0220018167693616
75,1.95,1.0176022463388519
75,1.955,1.0160092511398222
75,1.96,1.022101930399029
75,1.965,1.0150229453725048
75,1.97,1.018883002591393
75,1.975,1.0153612693406548
75,1.98,1.014707684349464
75,1.985,1.017049321088262
75,1.99,1.017754636951265
75,1.995,1.0188294386887817
75,2.0,1.0186937073050926
84,0.5,1.257698778225405
84,0.505,1.2584729376827515
84,0.51,1.2632542591761986
84,0.515,1.259672188617159
84,0.52,1.258140307433242
84,0.525,1.2610173698565055
84,0.53,1.2609076267972859
84,0.535,1.2603968023685617
84,0.54,1.2555773337277212
84,0.545,1.2557581812319616
84,0.55,1.2583843417419351
84,0.555,1.2592753723154695
84,0.56,1.2531039379970539
84,0.565,1.2547579248121816
84,0.5700000000000001,1.2551319783899018
84,0.575,1.2580419333003292
84,0.58,1.252640874859977
84,0.585,1.2619423619226044
84,0.59,1.2552437128936031
84,0.595,1.256414503173428
84,0.6,1.2602918011469548
84,0.605,1.2561500666663792
84,0.61,1.256332163087757
84,0.615,1.2538888775122727
84,0.62,1.2553884751686581
84,0.625,1.2514652736935172
84,0.63,1.2538110789032852
84,0.635,1.2539983830668635
84,0.64,1.2513409558485526
84,0.645,1.2562497012363705
84,0.65,1.254789333547434
84,0.655,1.2489396688640941
84,0.66,1.255503218905462
84,0.665,1.2511619441606097
84,0.67,1.254884078354355
84,0.675,1.2513847470862005
84,0.6799999999999999,1.2524595500506233
84,0.685,1.2543761049635767
84,0.69,1.2581568781114443
84,0.6950000000000001,1.2495174471952166
84,0.7,1.2524229582162214
84,0.7050000000000001,1.2524343594882497
84,0.71,1.2560259914958107
84,0.715,1.2526918649852734
84,0.72,1.2543632607344248
84,0.725,1.2566762389301085
84,0.73,1.2552895794149521
84,0.735,1.2523689319947446
84,0.74,1.2523682360960189
84,0.745,1.2528301505453252
84,0.75,1.2539357451890316
84,0.755,1.251461250808331
84,0.76,1.2535292615572773
84,0.765,1.2551718233218478
84,0.77,1.2526316643639455
84,0.775,1.2526815257088464
84,0.78,1.2546669261673653
84,0.785,1.2560342709851429
84,0.79,1.2507743533647424
84,0.7949999999999999,1.251749651978499
84,0.8,1.2575144753984593
84,0.8049999999999999,1.2543429257344125
84,0.81,1.2517509028409477
84,0.815,1.2549028109387552
84,0.8200000000000001,1.2586645193176922
84,0.825,1.253273800714272
84,0.8300000000000001,1.2525273624266537
84,0.835,1.2544152715030688
84,0.8400000000000001,1.2591330381937387
84,0.845,1.2536278061049821
84,0.8500000000000001,1.2567101653349386
84,0.855,1.258015943009636
84,0.86,1.2571725626375352
84,0.865,1.2548903557178015
84,0.87,1.2574918344254675
84,0.875,1.2564066983179298
84,0.88,1.2581383961407409
84,0.885,1.2572125600314594
84,0.89,1.2567138809759528
84,0.895,1.2521514220611292
84,0.9,1.2582125996216202
84,0.905,1.2564365474475379
84,0.91,1.2516619502451682
84,0.915,1.2568531086565569
84,0.9199999999999999,1.2578176217848422
84,0.925,1.2568974931449461
84,0.9299999999999999,1.251214699069531
84,0.935,1.2556105199266745
84,0.94,1.2551236291471635
84,0.9450000000000001,1.2568438401780229
84,0.95,1.2520065167333114
84,0.9550000000000001,1.258545611043398
84,0.96,1.2592721967906433
84,0.9650000000000001,1.2594696899446491
84,0.97,1.2579920886773872
84,0.9750000000000001,1.2579677736682648
84,0.98,1.2608114602810339
84,0.985,1.2595116841470455
84,0.99,1.2574152612717706
84,0.995,1.2592741182883194
84,1.0,1.2603269576779095
84,1.005,1.2616523758811258
84,1.01,1.25988724307802
84,1.0150000000000001,1.2568189981176028
84,1.02,1.2576006646232385
84,1.025,1.2594116396193622
84,1.03,1.2596633206617505
84,1.0350000000000001,1.2614669540911143
84,1.04,1.2542793075961578
84,1.045,1.2571982694601622
84,1.05,1.2561325595941162
84,1.0550000000000002,1.2616850844917908
84,1.06,1.2609119261179944
84,1.065,1.259822795926787
84,1.07,1.260993641963582
84,1.0750000000000002,1.2575559266037097
84,1.08,1.2602480455377933
84,1.085,1.2590659102966142
84,1.0899999999999999,1.2591075973947423
84,1.095,1.2585214133835967
84,1.1,1.261147990698142
84,1.105,1.2613600655669661
84,1.1099999999999999,1.255103411430947
84,1.115,1.2572687904527209
84,1.12,1.2586985631791587
84,1.125,1.2598280756021196
84,1.13,1.254314864693046
84,1.135,1.2559112488404514
84,1.1400000000000001,1.2573269478694638
84,1.145,1.262315035618361
84,1.15,1.2556957122570067
84,1.155,1.2567439737001125
84,1.1600000000000001,1.2575003160938156
84,1.165,1.2571742587085664
84,1.17,1.257661306544653
84,1.175,1.2570445642130499
84,1.1800000000000002,1.256481899403367
84,1.185,1.2574777800303434
84,1.19,1.257276867429121
84,1.195,1.2573428789782035
84,1.2000000000000002,1.257204244567034
84,1.205,1.2531169510072449
84,1.21,1.2562363314785676
84,1.2149999999999999,1.2559653666500508
84,1.22,1.2573043544543119
84,1.225,1.2568529183589008
84,1.23,1.2587543835139845
84,1.2349999999999999,1.2526932712142878
84,1.24,1.2540975964841794
84,1.245,1.2547066435320078
84,1.25,1.2523530348181215
84,1.255,1.252984323956106
84,1.26,1.2524685871936527
84,1.2650000000000001,1.2519268120452225
84,1.27,1.258472677152388
84,1.275,1.2523576108634957
84,1.28,1.2559081819228757
84,1.2850000000000001,1.2498451226532303
84,1.29,1.252362170052636
84,1.295,1.2497933582151075
84,1.3,1.251893315201756
84,1.3050000000000002,1.2548735880044062
84,1.31,1.2552450835904285
84,1.315,1.2521281918158411
84,1.32,1.2509236860323123
84,1.3250000000000002,1.2494804282287097
84,1.33,1.250103178324764
84,1.335,1.252208577085362
84,1.3399999999999999,1.2444532668631358
84,1.345,1.2473774604208336
84,1.35,1.2453868456340038
84,1.355,1.249939429191643
84,1.3599999999999999,1.2440346894365093
84,1.365,1.2488245356558485
84,1.37,1.2435515218796467
84,1.375,1.243389912159526
84,1.38,1.2494093152298775
84,1.385,1.247864968551219
84,1.3900000000000001,1.2427709211743683
84,1.395,1.2403364736337874
84,1.4,1.2419472142700188
84,1.405,1.2453752329943728
84,1.4100000000000001,1.2434873617992643
84,1.415,1.2408766411767318
84,1.42,1.2441772981850017
84,1.425,1.2458850707759581
84,1.4300000000000002,1.2393458639002106
84,1.435,1.2415806407914183
84,1.44,1.2394415161667012
84,1.445,1.2437812791876681
84,1.4500000000000002,1.2410055388491827
84,1.455,1.2387651630382126
84,1.46,1.23595688541612
84,1.4649999999999999,1.2414110176816775
84,1.47,1.2386475507862875
84,1.475,1.2393484343265095
84,1.48,1.2382258559543273
84,1.4849999999999999,1.23934762012801
84,1.49,1.2337277425499247
84,1.495,1.2356735642743353
84,1.5,1.238205792574328
84,1.5050000000000001,1.2415380744603495
84,1.51,1.2375321156055759
84,1.5150000000000001,1.236255231318585
84,1.52,1.2345513817468483
84,1.525,1.2341771043910277
84,1.53,1.2349972372885505
84,1.535,1.2332940404880801
84,1.54,1.235275135539981
84,1.545,1.2347173352040728
84,1.55,1.2393476630523468
84,1.555,1.2339230174118796
84,1.56,1.2366312541044888
84,1.565,1.2325930968465797
84,1.57,1.2357485962818016
84,1.575,1.2391900889524778
84,1.58,1.2315052864480678
84,1.585,1.229832011303792
84,1.59,1.2351101921294958
84,1.595,1.2324023976512308
84,1.6,1.2314097915251982
84,1.605,1.2329532161718604
84,1.61,1.232372494206851
84,1.615,1.2345318277584123
84,1.62,1.2323163119435554
84,1.625,1.229692075975113
84,1.6300000000000001,1.2281887847116852
84,1.635,1.2264973726075703
84,1.6400000000000001,1.2279402645095943
84,1.645,1.2331987739098622
84,1.6500000000000001,1.2267539319494674
84,1.655,1.2303104059211731
84,1.66,1.2330862998103225
84,1.665,1.2313792521725564
84,1.67,1.23359641413153
84,1.675,1.2315273317023043
84,1.68,1.233478262334047
84,1.685,1.2280839293420347
84,1.69,1.2273693179384215
84,1.695,1.23418339252691
84,1.7,1.2301261438459525
84,1.705,1.2294283508594728
84,1.71,1.2277430206180908
84,1.715,1.2330634838924373
84,1.72,1.2302552425088396
84,1.725,1.2302523178485805
84,1.73,1.227385193207286
84,1.735,1.229170641445632
84,1.74,1.2278857299687271
84,1.745,1.2286834975455734
84,1.75,1.229723666536518
84,1.7550000000000001,1.2276635855949714
84,1.76,1.2268489757665666
84,1.7650000000000001,1.2309003176380764
84,1.77,1.2264516354937076
84,1.7750000000000001,1.2324528227718239
84,1.78,1.232821258729598
84,1.785,1.225611190454558
84,1.79,1.2330970268852965
84,1.795,1.2271132885905291
84,1.8,1.2324589593602462
84,1.805,1.2278311384450737
84,1.81,1.231222153461965
84,1.815,1.2267989986668706
84,1.82,1.2310466285521335
84,1.825,1.229744545386146
84,1.83,1.2335545862251474
84,1.835,1.2315848689761932
84,1.84,1.2275875040284479
84,1.845,1.2306852472822576
84,1.85,1.2283215581568745
84,1.855,1.2305523787278851
84,1.86,1.234016006740421
84,1.865,1.2342044268422114
84,1.87,1.2308292648965056
84,1.875,1.228516261201172
84,1.8800000000000001,1.2308376666402558
84,1.885,1.2359235327008793
84,1.8900000000000001,1.230555428887544
84,1.895,1.2273863692067513
84,1.9000000000000001,1.2276806434376757
84,1.905,1.2282771471082805
84,1.91,1.234038851990922
84,1.915,1.2306324730789553
84,1.92,1.2297528286973898
84,1.925,1.232596892408845
84,1.93,1.2342407203846824
84,1.935,1.2315923425749769
84,1.94,1.2300975374513061
84,1.945,1.2327353685441673
84,1.95,1.234356599374364
84,1.955,1.228344668768676
84,1.96,1.2290893245485222
84,1.965,1.2376316938330023
84,1.97,1.233872851725177
84,1.975,1.2338110875566328
84,1.98,1.2295673083099352
84,1.985,1.2306924984821388
84,1.99,1.232591261907116
84,1.995,1.2364525435972882
84,2.0,1.2336755476509806
91,0.5,1.3533895216837848
91,0.505,1.3611876213689886
91,0.51,1.3612629832202359
91,0.515,1.359463957224678
91,0.52,1.3545391744501387
91,0.525,1.355645416510235
91,0.53,1.3565682920830426
91,0.535,1.3575431184584732
91,0.54,1.3616852857805
91,0.545,1.3538796444662087
91,0.55,1.3554743022819573
91,0.555,1.3572216374411903
91,0.56,1.355864546742355
91,0.565,1.3560381752778303
91,0.5700000000000001,1.3536530128774367
91,0.575,1.357472763554291
91,0.58,1.3566031046796858
91,0.585,1.3578948286959698
91,0.59,1.3598049512102652
91,0.595,1.3569123424818572
91,0.6,1.3573314492775075
91,0.605,1.3583721900140409
91,0.61,1.356667902714767
91,0.615,1.3583555820918198
91,0.62,1.3536178821682305
91,0.625,1.3559017803473896
91,0.63,1.359392426484094
91,0.635,1.3587139507288162
91,0.64,1.3603504479812296
91,0.645,1.355117570958953
91,0.65,1.3571978074811424
91,0.655,1.3584283715067687
91,0.66,1.3584953475945036
91,0.665,1.3582957534721907
91,0.67,1.3624705747369616
91,0.675,1.357930014187798
91,0.6799999999999999,1.358392703614339
91,0.685,1.3605661818161845
91,0.69,1.3605942407704474
91,0.6950000000000001,1.3598749206638063
91,0.7,1.363778589939942
91,0.7050000000000001,1.3611896938889398
91,0.71,1.3593339269461682
91,0.715,1.3576522858063667
91,0.72,1.3631894462246106
91,0.725,1.3587409519487577
91,0.73,1.3613662655189973
91,0.735,1.3592236396971586
91,0.74,1.3658585790196613
91,0.745,1.3625643201235977
91,0.75,1.3565330889204428
91,0.755,1.361708749197578
91,0.76,1.357697269442806
91,0.765,1.3598313608007857
91,0.77,1.363325034639239
91,0.775,1.358240964952376
91,0.78,1.3623556564127577
91,0.785,1.3614593317205477
91,0.79,1.3636037455060521
91,0.7949999999999999,1.3594344066679367
91,0.8,1.3634584169502342
91,0.8049999999999999,1.361126505939543
91,0.81,1.3646455293789161
91,0.815,1.3622874278812303
91,0.8200000000000001,1.3638823700589264
91,0.825,1.3656460847096437
91,0.8300000000000001,1.3651031061297207
91,0.835,1.3623843946905265
91,0.8400000000000001,1.3642625107943305
91,0.845,1.3625692961375613
91,0.8500000000000001,1.3636704811026161
91,0.855,1.3666751728096433
91,0.86,1.3605754956067715
91,0.865,1.3598012286201822
91,0.87,1.363941937471041
91,0.875,1.3613814947772351
91,0.88,1.3658369574181417
91,0.885,1.364919547089169
91,0.89,1.3643550186388456
91,0.895,1.3627578099917173
91,0.9,1.3616461441432182
91,0.905,1.3605993141450108
91,0.91,1.3613934067145839
91,0.915,1.362652526160644
91,0.9199999999999999,1.3603286780578352
91,0.925,1.3651762130189933
91,0.9299999999999999,1.3641742769024692
91,0.935,1.3593082736558924
91,0.94,1.3558130106064323
91,0.9450000000000001,1.3651385557207172
91,0.95,1.3593360789455506
91,0.9550000000000001,1.355113881096512
91,0.96,1.3580671333871903
91,0.9650000000000001,1.3625900956838195
91,0.97,1.3653271848711017
91,0.9750000000000001,1.3641645905211561
91,0.98,1.3653991679000916
91,0.985,1.3660461398316468
91,0.99,1.3661355902569219
91,0.995,1.359009867245658
91,1.0,1.360759503469325
91,1.005,1.359540087928263
91,1.01,1.361065467674871
91,1.0150000000000001,1.3598911369138316
91,1.02,1.361240137171544
91,1.025,1.364940096419592
91,1.03,1.3584570332066608
91,1.0350000000000001,1.3618541831527096
91,1.04,1.3574049763556628
91,1.045,1.3563974222145065
91,1.05,1.3618979351373126
91,1.0550000000000002,1.3588212714369337
91,1.06,1.3591075847651468
91,1.065,1.362287948577212
91,1.07,1.3551557513990173
91,1.0750000000000002,1.3583948691549053
91,1.08,1.3615887336873749
91,1.085,1.3551371199197866
91,1.0899999999999999,1.3580716570480402
91,1.095,1.359459945798015
91,1.1,1.3591873025049335
91,1.105,1.358273328073452
91,1.1099999999999999,1.3587363437312103
91,1.115,1.357224310512124
91,1.12,1.3576797877457991
91,1.125,1.356381731344066
91,1.13,1.3528855623505154
91,1.135,1.355091643991639
91,1.1400000000000001,1.3542220530096332
91,1.145,1.3569961121901781
91,1.15,1.3551214087226107
91,1.155,1.3548178008171172
91,1.1600000000000001,1.353676193566947
91,1.165,1.354513235036188
91,1.17,1.3511958682331437
91,1.175,1.352897086260888
91,1.1800000000000002,1.350176028236129
91,1.185,1.3506599593223823
91,1.19,1.3484174880766173
91,1.195,1.3563370753626456
91,1.2000000000000002,1.351985554025649
91,1.205,1.347775185092938
91,1.21,1.3488614474279055
91,1.2149999999999999,1.3502701870592546
91,1.22,1.3479704930566172
91,1.225,1.3505511276290492
91,1.23,1.3494528387611844
91,1.2349999999999999,1.3508387134941093
91,1.24,1.340641788961968
91,1.245,1.3491567530802546
91,1.25,1.347513636675769
91,1.255,1.3490609033429062
91,1.26,1.3448275196731527
91,1.2650000000000001,1.344047291604646
91,1.27,1.3427057264322864
91,1.275,1.3463264044777303
91,1.28,1.345212520060263
91,1.2850000000000001,1.3402518697173347
91,1.29,1.342716528330481
91,1.295,1.3437061754847996
91,1.3,1.340472022093279
91,1.3050000000000002,1.342174381663686
91,1.31,1.342491122438927
91,1.315,1.3410046508118099
91,1.32,1.338060656556555
91,1.3250000000000002,1.3445980951215555
91,1.33,1.342049623399513
91,1.335,1.3419722016985622
91,1.3399999999999999,1.3393764446226857
91,1.345,1.3409255581092285
91,1.35,1.3385065638509157
91,1.355,1.339582869813052
91,1.3599999999999999,1.339926370934874
91,1.365,1.340741023207418
91,1.37,1.3375590947301512
91,1.375,1.3368205379948999
91,1.38,1.341539586724313
91,1.385,1.3347499654961494
91,1.3900000000000001,1.3383944048039411
91,1.395,1.337386883412335
91,1.4,1.3390909997744724
91,1.405,1.3360847645863239
91,1.4100000000000001,1.334356703040506
91,1.415,1.3369602909482963
91,1.42,1.3330930787905217
91,1.425,1.3336064024972374
91,1.4300000000000002,1.3359313250767266
91,1.435,1.3360709123750596
91,1.44,1.3319692621795263
91,1.445,1.338503482664899
91,1.4500000000000002,1.335088192931806
91,1.455,1.33806439130628
91,1.46,1.3375637919390275
91,1.4649999999999999,1.334800363954091
91,1.47,1.3335034101257468
91,1.475,1.3308519914690038
91,1.48,1.3366692581691453
91,1.4849999999999999,1.337870999861248
91,1.49,1.3343362383103798
91,1.495,1.3339467844090052
91,1.5,1.3314557154389424
91,1.5050000000000001,1.3310681640265045
91,1.51,1.333201891597168
91,1.5150000000000001,1.3363763123342032
91,1.52,1.3326072126480835
91,1.525,1.3353678199957764
91,1.53,1.3341105925581733
91,1.535,1.3327893654018221
91,1.54,1.3309418370070076
91,1.545,1.3320292658740507
91,1.55,1.329942520687934
91,1.555,1.334965614039354
91,1.56,1.334071225221715
91,1.565,1.3304057661322204
91,1.57,1.3311166653646325
91,1.575,1.3295321636740067
91,1.58,1.3331454245274816
91,1.585,1.3342508546386436
91,1.59,1.3305728801895451
91,1.595,1.3317086573123607
91,1.6,1.3337385906824868
91,1.605,1.3287531144995999
91,1.61,1.3334410267475225
91,1.615,1.3367697938282348
91,1.62,1.3369547702564695
91,1.625,1.3326649619769304
91,1.6300000000000001,1.3329264921692052
91,1.635,1.3349504152742442
91,1.6400000000000001,1.3348215843586038
91,1.645,1.3368674274175374
91,1.6500000000000001,1.3339493306234882
91,1.655,1.3342511473443182
91,1.66,1.3343197797415227
91,1.665,1.3377598985375723
91,1.67,1.3313954620258324
91,1.675,1.3369767567618382
91,1.68,1.3345587039764926
91,1.685,1.3348008366605482
91,1.69,1.3321636390124305
91,1.695,1.334216894717326
91,1.7,1.3322357845956072
91,1.705,1.3281791948507873
91,1.71,1.3352348149641804
91,1.715,1.3314728529901927
91,1.72,1.3350081899360289
91,1.725,1.3317952578297751
91,1.73,1.334215306475976
91,1.735,1.3342471581982136
91,1.74,1.3311197453166566
91,1.745,1.3355025992933807
91,1.75,1.3341310096029388
91,1.7550000000000001,1.3298669669718486
91,1.76,1.340295469335423
91,1.7650000000000001,1.3371678628935886
91,1.77,1.3369727420214388
91,1.7750000000000001,1.33629842664735
91,1.78,1.3384016916288115
91,1.785,1.335263698760265
91,1.79,1.3383545051518482
91,1.795,1.3390257885577748
91,1.8,1.3355956626709757
91,1.805,1.337050418353752
91,1.81,1.3374251407918372
91,1.815,1.3335490103656944
91,1.82,1.3381496417951413
91,1.825,1.3372158600744417
91,1.83,1.3404796922224442
91,1.835,1.3379815906264279
91,1.84,1.3355280654219408
91,1.845,1.3380718577433146
91,1.85,1.3365741797359325
91,1.855,1.3321578189296743
91,1.86,1.3374591613255378
91,1.865,1.3349008537700442
91,1.87,1.3412142597006829
91,1.875,1.3389471345363402
91,1.8800000000000001,1.3403690555302719
91,1.885,1.3391525877399675
91,1.8900000000000001,1.337841877213236
91,1.895,1.3400758030161422
91,1.9000000000000001,1.3346745324178768
91,1.905,1.3404082206590986
91,1.91,1.338175675615693
91,1.915,1.3336793210261129
91,1.92,1.3381482296587857
91,1.925,1.3400300085765153
91,1.93,1.3374106145627782
91,1.935,1.3419509826388638
91,1.94,1.3417341507205391
91,1.945,1.3371066552422863
91,1.95,1.3367085199343511
91,1.955,1.3380120209614361
91,1.96,1.3373729794221303
91,1.965,1.3402608576832857
91,1.97,1.3411387815279048
91,1.975,1.3400288182002067
91,1.98,1.340049881700524
91,1.985,1.3381838358830385
91,1.99,1.337935708504512
91,1.995,1.3364919635907688
91,2.0,1.3438257590748857
99,0.5,1.4051884330517816
99,0.505,1.4045134431833677
99,0.51,1.4015538964329515
99,0.515,1.399569400947183
99,0.52,1.4015508815979982
99,0.525,1.4024627828425542
99,0.53,1.4027522800125296
99,0.535,1.4053284845837954
99,0.54,1.4029386264341928
99,0.545,1.405572971703255
99,0.55,1.4053416134885053
99,0.555,1.4059374904372264
99,0.56,1.4041038593253992
99,0.565,1.4064113808617553
99,0.5700000000000001,1.4049935745430182
99,0.575,1.4052156076925373
99,0.58,1.4044614642955187
99,0.585,1.4046721419368173
99,0.59,1.4056498869218335
99,0.595,1.4068727419613958
99,0.6,1.4035812778449037
99,0.605,1.4047000780574765
99,0.61,1.405672004496978
99,0.615,1.4083835474225652
99,0.62,1.4057785189573961
99,0.625,1.4074230333243165
99,0.63,1.4082084203094414
99,0.635,1.4061150423728743
99,0.64,1.409978424309033
99,0.645,1.4038385938493128
99,0.65,1.4029714156004036
99,0.655,1.4035692921618697
99,0.66,1.4044000234307177
99,0.665,1.405062328819497
99,0.67,1.4058741429865333
99,0.675,1.4074949765011961
99,0.6799999999999999,1.405496826455363
99,0.685,1.405373140157692
99,0.69,1.408170752206621
99,0.6950000000000001,1.40634348770784
99,0.7,1.4073536227615129
99,0.7050000000000001,1.4057868041806494
99,0.71,1.403670398601894
99,0.715,1.4067142332442668
99,0.72,1.4065597210153757
99,0.725,1.4077646035210283
99,0.73,1.4068492933877783
99,0.735,1.404806266690108
99,0.74,1.4104447836793896
99,0.745,1.4037445201615424
99,0.75,1.4021157061158407
99,0.755,1.405070523173363
99,0.76,1.405310145062453
99,0.765,1.4077958009328793
99,0.77,1.4050827142833668
99,0.775,1.406431587051769
99,0.78,1.4069408902620977
99,0.785,1.4079703664214944
99,0.79,1.4021780206883907
99,0.7949999999999999,1.4066781357095195
99,0.8,1.4029515028910138
99,0.8049999999999999,1.4086095144527264
99,0.81,1.40387196630764
99,0.815,1.4039325208212114
99,0.8200000000000001,1.4067751430842832
99,0.825,1.405294842884002
99,0.8300000000000001,1.4049794049739628
99,0.835,1.4068017693326929
99,0.8400000000000001,1.4036928855234698
99,0.845,1.4032399529449837
99,0.8500000000000001,1.4070836375512512
99,0.855,1.4030437858174427
99,0.86,1.404672708504116
99,0.865,1.401001317149549
99,0.87,1.4037690505329863
99,0.875,1.402835977161916
99,0.88,1.4043557023064341
99,0.885,1.4086829160905696
99,0.89,1.398220999558342
99,0.895,1.4003276875574664
99,0.9,1.401683808093636
99,0.905,1.4025957963037043
99,0.91,1.3984021491053922
99,0.915,1.4016288334315268
99,0.9199999999999999,1.3994308453731599
99,0.925,1.4013846221038952
99,0.9299999999999999,1.3986178992361715
99,0.935,1.4075575934510565
99,0.94,1.400904830864374
99,0.9450000000000001,1.4018431663087485
99,0.95,1.3940414790167197
99,0.9550000000000001,1.397493828973144
99,0.96,1.3987831100716577
99,0.9650000000000001,1.4030964375731765
99,0.97,1.3965106463287051
99,0.9750000000000001,1.3991893166581142
99,0.98,1.3957105244089067
99,0.985,1.397296289728023
99,0.99,1.392572579698225
99,0.995,1.3922283615958888
99,1.0,1.394719947556145
99,1.005,1.398355542228499
99,1.01,1.3980404445999712
99,1.0150000000000001,1.395126878721016
99,1.02,1.3920897496390972
99,1.025,1.3976937003919736
99,1.03,1.3936878496196548
99,1.0350000000000001,1.391946286081758
99,1.04,1.3928926354695579
99,1.045,1.3928680339788975
99,1.05,1.3974013126291436
99,1.0550000000000002,1.3927452526217927
99,1.06,1.3911281130324835
99,1.065,1.3909669033782524
99,1.07,1.3878569134320873
99,1.0750000000000002,1.3944557256188954
99,1.08,1.3886251038748405
99,1.085,1.3909535465614284
99,1.0899999999999999,1.387857177121843
99,1.095,1.3879850019010405
99,1.1,1.3841853937567679
99,1.105,1.38943685083552
99,1.1099999999999999,1.3943902541582018
99,1.115,1.393022243436456
99,1.12,1.389228880020797
99,1.125,1.391377445095397
99,1.13,1.385585819676914
99,1.135,1.3843407507831393
99,1.1400000000000001,1.3897215152223097
99,1.145,1.3848473227103357
99,1.15,1.39147707027679
99,1.155,1.3893282002674048
99,1.1600000000000001,1.3826854296060878
99,1.165,1.3842991618180962
99,1.17,1.3839959932479233
99,1.175,1.386475775493044
99,1.1800000000000002,1.3833097069486886
99,1.185,1.3838776723455715
99,1.19,1.3798820424875105
99,1.195,1.3873882859449806
99,1.2000000000000002,1.3852700155001594
99,1.205,1.3829693380432737
99,1.21,1.3785181692172697
99,1.2149999999999999,1.3826305788198652
99,1.22,1.3894153888845495
99,1.225,1.3827197140929313
99,1.23,1.38452826542086
99,1.2349999999999999,1.3758135831371778
99,1.24,1.3801777681438454
99,1.245,1.380113684793097
99,1.25,1.3831661676408338
99,1.255,1.37777871390205
99,1.26,1.382129521291137
99,1.2650000000000001,1.3825125810893462
99,1.27,1.3798171625810474
99,1.275,1.378950077460745
99,1.28,1.3803131009798495
99,1.2850000000000001,1.3764241221459996
99,1.29,1.3747865765291893
99,1.295,1.374348232928834
99,1.3,1.378833622784366
99,1.3050000000000002,1.377539604715472
99,1.31,1.3777516805616055
99,1.315,1.3765380251363222
99,1.32,1.37753330942773
99,1.3250000000000002,1.3823093566200684
99,1.33,1.376743854620392
99,1.335,1.3751177292086225
99,1.3399999999999999,1.374219978845606
99,1.345,1.3747722018638846
99,1.35,1.3784599460972184
99,1.355,1.3764182721576055
99,1.3599999999999999,1.375906188261119
99,1.365,1.3762769916110236
99,1.37,1.3731397564179872
99,1.375,1.3744163069362718
99,1.38,1.3755948911967597
99,1.385,1.3755174523528895
99,1.3900000000000001,1.3771385203126079
99,1.395,1.378691944914765
99,1.4,1.3747736269330884
99,1.405,1.3772056870394476
99,1.4100000000000001,1.377367242074601
99,1.415,1.3748932594041279
99,1.42,1.3777568887941565
99,1.425,1.37883635963588
99,1.4300000000000002,1.3723734099874136
99,1.435,1.3774843463413142
99,1.44,1.3774900431705182
99,1.445,1.3772888089659443
99,1.4500000000000002,1.3727279736364688
99,1.455,1.379080991526662
99,1.46,1.3762871800900929
99,1.4649999999999999,1.374659536038782
99,1.47,1.3728189967319788
99,1.475,1.3778466697814695
99,1.48,1.3764304518412946
99,1.4849999999999999,1.3735184962816431
99,1.49,1.3811017787088389
99,1.495,1.374020803188804
99,1.5,1.3788569200893275
99,1.5050000000000001,1.3748743378733956
99,1.51,1.376892717895546
99,1.5150000000000001,1.3791482837335904
99,1.52,1.3769545320367271
99,1.525,1.379063745515436
99,1.53,1.3778907082561282
99,1.535,1.3817221746306438
99,1.54,1.3799139577091977
99,1.545,1.3794616725567097
99,1.55,1.3765671540697035
99,1.555,1.3774615542097293
99,1.56,1.379135924217699
99,1.565,1.3829991300382996
99,1.57,1.3826373058784314
99,1.575,1.3794717797046732
99,1.58,1.3820650380417665
99,1.585,1.3796810920501574
99,1.59,1.3799956658279322
99,1.595,1.3797302971293695
99,1.6,1.3789394127718713
99,1.605,1.3810951980204607
99,1.61,1.387683036551424
99,1.615,1.379380290889573
99,1.62,1.3830864496827362
99,1.625,1.3825658261336824
99,1.6300000000000001,1.38058100821585
99,1.635,1.3825102953418644
99,1.6400000000000001,1.3796063096725144
99,1.645,1.3811697434454808
99,1.6500000000000001,1.384560633042101
99,1.655,1.3849885506968571
99,1.66,1.3811094149466088
99,1.665,1.3808230890885909
99,1.67,1.37803442054038
99,1.675,1.3833167026563122
99,1.68,1.3801570690825558
99,1.685,1.379472229188167
99,1.69,1.3822408609343844
99,1.695,1.3816748927784093
99,1.7,1.3782373460363664
99,1.705,1.384841326974726
99,1.71,1.3777440556674836
99,1.715,1.3778822617038369
99,1.72,1.384380670064936
99,1.725,1.3813052087875939
99,1.73,1.3778014824622447
99,1.735,1.3847046132615504
99,1.74,1.3843758448071128
99,1.745,1.3817005473108808
99,1.75,1.3819960812463004
99,1.7550000000000001,1.3826871382286459
99,1.76,1.3842847043914213
99,1.7650000000000001,1.3819126187435489
99,1.77,1.379464519152251
99,1.7750000000000001,1.3819940501328205
99,1.78,1.3809462633884009
99,1.785,1.3781355790405605
99,1.79,1.3809340356771398
99,1.795,1.379516099503568
99,1.8,1.3823790075272584
99,1.805,1.3850651686537518
99,1.81,1.3832610804017094
99,1.815,1.3890392961073834
99,1.82,1.3830398384507214
99,1.825,1.3822382502871209
99,1.83,1.3795204170950275
99,1.835,1.3838615159224772
99,1.84,1.3825240427795569
99,1.845,1.377421003090102
99,1.85,1.3797991847003985
99,1.855,1.3829351660830804
99,1.86,1.3800515141650942
99,1.865,1.3821218028307882
99,1.87,1.3814982394749666
99,1.875,1.3859777181823378
99,1.8800000000000001,1.3769447874494922
99,1.885,1.3800971402018312
99,1.8900000000000001,1.3770044162887243
99,1.895,1.3779522393132426
99,1.9000000000000001,1.3849202044971216
99,1.905,1.3821762895062695
99,1.91,1.3811687225662281
99,1.915,1.3793343010996668
99,1.92,1.3793624033276963
99,1.925,1.3841826913049553
99,1.93,1.3762552791724723
99,1.935,1.3818793310788042
99,1.94,1.3812018400481205
99,1.945,1.3758982658258174
99,1.95,1.3785340489276914
99,1.955,1.3759373895449323
99,1.96,1.3775835269633596
99,1.965,1.3794186546660805
99,1.97,1.3776986030679899
99,1.975,1.3797769452235888
99,1.98,1.378311540727354
99,1.985,1.3704989865373298
99,1.99,1.3778938106824532
99,1.995,1.372337889369385
99,2.0,1.3678725107198508
113,0.5,1.6244446068068599
113,0.505,1.6240252543866966
113,0.51,1.6306363596041626
113,0.515,1.6280781116871228
113,0.52,1.6276886704971778
113,0.525,1.6257288916649186
113,0.53,1.6278997490850302
113,0.535,1.6240005236441124
113,0.54,1.6284889017884736
113,0.545,1.6245469088269322
113,0.55,1.6253140880323165
113,0.555,1.626437176037938
113,0.56,1.6239307181660758
113,0.565,1.6331906812240828
113,0.5700000000000001,1.6262402015136603
113,0.575,1.6246473465751678
113,0.58,1.6233039693100286
113,0.585,1.623986382882635
113,0.59,1.625468335632407
113,0.595,1.626921326325918
113,0.6,1.6217462603898303
113,0.605,1.624254492726788
113,0.61,1.629943268022386
113,0.615,1.6260761627347238
113,0.62,1.625251424710319
113,0.625,1.6241529523307863
113,0.63,1.6244503354602264
113,0.635,1.625283724280648
113,0.64,1.628328614814797
113,0.645,1.6280940502345123
113,0.65,1.6232107596249412
113,0.655,1.622242269414261
113,0.66,1.6255418731493911
113,0.665,1.6227307699126887
113,0.67,1.626458710805576
113,0.675,1.6266435094470502
113,0.6799999999999999,1.6217959810036422
113,0.685,1.6181854028231815
113,0.69,1.6198165038026073
113,0.6950000000000001,1.6228182512215168
113,0.7,1.619894699804186
113,0.7050000000000001,1.6234460631353136
113,0.71,1.6229717579705125
113,0.715,1.6223349234551032
113,0.72,1.6216278784823448
113,0.725,1.6200217893252873
113,0.73,1.62303582651143
113,0.735,1.6164702395118231
113,0.74,1.6221454928224746
113,0.745,1.6265745548497978
113,0.75,1.6237947746096022
113,0.755,1.6203160204864897
113,0.76,1.6193071345416479
113,0.765,1.6207181168953058
113,0.77,1.619118769482892
113,0.775,1.623329845595128
113,0.78,1.617472010368933
113,0.785,1.618125529865009
113,0.79,1.6153105313288734
113,0.7949999999999999,1.6194472609866644
113,0.8,1.613701739918873
113,0.8049999999999999,1.6194167306998435
113,0.81,1.618408677950543
113,0.815,1.6135193316459095
113,0.8200000000000001,1.6174143622155253
113,0.825,1.6154136073852599
113,0.8300000000000001,1.6143615641281954
113,0.835,1.6120468362368516
113,0.8400000000000001,1.6109798344752422
113,0.845,1.6110724904796092
113,0.8500000000000001,1.6101536105921364
113,0.855,1.6141106357516575
113,0.86,1.6111255314213337
113,0.865,1.6186224868728833
113,0.87,1.613887136132795
113,0.875,1.6154931999629945
113,0.88,1.6105428213561974
113,0.885,1.6158201645808108
113,0.89,1.61045145441601
113,0.895,1.6136839201395958
113,0.9,1.6117189380949504
113,0.905,1.612260838781135
113,0.91,1.6072282086003093
113,0.915,1.6074157038616392
113,0.9199999999999999,1.6117781331694678
113,0.925,1.6102077361712201
113,0.9299999999999999,1.607242722377913
113,0.935,1.6098466597822236
113,0.94,1.6082580044657753
113,0.9450000000000001,1.6062066580210252
113,0.95,1.612432808637763
113,0.9550000000000001,1.6012217968309468
113,0.96,1.6059056277213495
113,0.9650000000000001,1.6084514380688812
113,0.97,1.6069867479228557
113,0.9750000000000001,1.6105404679795932
113,0.98,1.6067499589575482
113,0.985,1.6062294030797681
113,0.99,1.6030351050492873
113,0.995,1.6083704587196386
113,1.0,1.6024775810111145
113,1.005,1.6027953108024138
113,1.01,1.6024810358016874
113,1.0150000000000001,1.6046528367304367
113,1.02,1.6012703308221288
113,1.025,1.6022818746484093
113,1.03,1.600862962425089
113,1.0350000000000001,1.59748213313499
113,1.04,1.599877554241054
113,1.045,1.6064380193763832
113,1.05,1.6000374883766886
113,1.0550000000000002,1.6011790167101552
113,1.06,1.6069668728234057
113,1.065,1.5982878908548543
113,1.07,1.601765479891734
113,1.0750000000000002,1.6027883426464562
113,1.08,1.5971209572232985
113,1.085,1.6031646745009034
113,1.0899999999999999,1.6013078186706042
113,1.095,1.5958453591870359
113,1.1,1.598806381454807
113,1.105,1.5953630863167394
113,1.1099999999999999,1.6052450845631585
113,1.115,1.6033428319307663
113,1.12,1.5978877971322865
113,1.125,1.5959623735029587
113,1.13,1.5986163151299888
113,1.135,1.5944639005943437
113,1.1400000000000001,1.5965656511084187
113,1.145,1.5942245381652098
113,1.15,1.5962264284664391
113,1.155,1.5977800917208616
113,1.1600000000000001,1.597426515981132
113,1.165,1.5983044696448443
113,1.17,1.595100058861607
113,1.175,1.59846671002993
113,1.1800000000000002,1.5963974016795586
113,1.185,1.5969590078446567
113,1.19,1.5997422286082392
113,1.195,1.5960169844549845
113,1.2000000000000002,1.5934245520624122
113,1.205,1.59749068402121
113,1.21,1.593128898659961
113,1.2149999999999999,1.5958789005191325
113,1.22,1.5954921193560925
113,1.225,1.5903256752667174
113,1.23,1.5919662785270017
113,1.2349999999999999,1.5932130316700341
113,1.24,1.5963667075616281
113,1.245,1.5977677972677238
113,1.25,1.5956768418449363
113,1.255,1.6013175753787598
113,1.26,1.5975570617151342
113,1.2650000000000001,1.591664962253462
113,1.27,1.597134345102006
113,1.275,1.5930680628075347
113,1.28,1.5936352376697547
113,1.2850000000000001,1.5949241781090282
113,1.29,1.5950847280748472
113,1.295,1.5965740382169533
113,1.3,1.5976934719298088
113,1.3050000000000002,1.5986223681639586
113,1.31,1.5945076086539824
113,1.315,1.5962123687818384
113,1.32,1.5989974588238596
113,1.3250000000000002,1.5933755043847115
113,1.33,1.598729101531841
113,1.335,1.5981335669824306
113,1.3399999999999999,1.5954961817799649
113,1.345,1.5995251568529276
113,1.35,1.597616882539932
113,1.355,1.5984646298774106
113,1.3599999999999999,1.6007833018635524
113,1.365,1.596667123996545
113,1.37,1.594167582486362
113,1.375,1.5959704978751852
113,1.38,1.5944945087203202
113,1.385,1.5998552123945877
113,1.3900000000000001,1.5965158016549927
113,1.395,1.5964568764013332
113,1.4,1.5960864014988498
113,1.405,1.6005654167724408
113,1.4100000000000001,1.5986687424802395
113,1.415,1.599962524706641
113,1.42,1.5987357623894216
113,1.425,1.5964337203570802
113,1.4300000000000002,1.5961076307343482
113,1.435,1.601522951573276
113,1.44,1.5979303950443027
113,1.445,1.6004479337232789
113,1.4500000000000002,1.596029822593177
113,1.455,1.59824802282786
113,1.46,1.597711815229117
113,1.4649999999999999,1.5970861382380894
113,1.47,1.6007577541023446
113,1.475,1.6016212880727523
113,1.48,1.5989246483247972
113,1.4849999999999999,1.604915934171693
113,1.49,1.5997131841423462
113,1.495,1.595862435771606
113,1.5,1.6012893499799141
113,1.5050000000000001,1.5968647743109843
113,1.51,1.5992316686679895
113,1.5150000000000001,1.6009523372176582
113,1.52,1.60324812733601
113,1.525,1.6018515982227575
113,1.53,1.5987362947756725
113,1.535,1.6038151591357104
113,1.54,1.6013245861779868
113,1.545,1.6039633339528079
113,1.55,1.6040998605884131
113,1.555,1.600933637653407
113,1.56,1.5991422941895876
113,1.565,1.6027413384851255
113,1.57,1.6012167105620085
113,1.575,1.600894057503721
113,1.58,1.601461880640791
113,1.585,1.5990124528878233
113,1.59,1.5986128379178584
113,1.595,1.5998466995555685
113,1.6,1.601561846347745
113,1.605,1.600396796494824
113,1.61,1.6027406863247553
113,1.615,1.603012636990832
113,1.62,1.6022160259485256
113,1.625,1.5986081715250233
113,1.6300000000000001,1.5974391218826876
113,1.635,1.5986202167040116
113,1.6400000000000001,1.5980627616115615
113,1.645,1.6029911560588563
113,1.6500000000000001,1.6028627340168635
113,1.655,1.5967182975088086
113,1.66,1.59971365020898
113,1.665,1.6002963381373358
113,1.67,1.5983896797721708
113,1.675,1.4397185370775518
113,1.68,1.4382389410956928
113,1.685,1.4391880878966166
113,1.69,1.4401350522984608
113,1.695,1.4408898738219302
113,1.7,1.437893153279384
113,1.705,1.4415522814978377
113,1.71,1.4375020082218555
113,1.715,1.438572318260468
113,1.72,1.438794029325227
113,1.725,1.4368344606295853
113,1.73,1.4401131650399848
113,1.735,1.4371504454996937
113,1.74,1.4362775457909394
113,1.745,1.4425725956301834
113,1.75,1.4375454763732487
113,1.7550000000000001,1.4369688535003446
113,1.76,1.4320651932900839
113,1.7650000000000001,1.4371696820874211
113,1.77,1.4411520673588194
113,1.7750000000000001,1.4362244475248516
113,1.78,1.4361057331318225
113,1.785,1.4385637497077957
113,1.79,1.4385291759848535
113,1.795,1.43906237543702
113,1.8,1.4376042711421304
113,1.805,1.4351198345196385
113,1.81,1.433802957130427
113,1.815,1.4368133037872721
113,1.82,1.4365196142872065
113,1.825,1.4362799529385766
113,1.83,1.4331763840568479
113,1.835,1.4334341075368502
113,1.84,1.4382685341187882
113,1.845,1.4332873867009153
113,1.85,1.4355579392316686
113,1.855,1.433843911343679
113,1.86,1.4293977270470526
113,1.865,1.434763964126643
113,1.87,1.4305417479319407
113,1.875,1.4369278027016448
113,1.8800000000000001,1.4317148147572425
113,1.885,1.4308286119471603
113,1.8900000000000001,1.4316972148565072
113,1.895,1.431805602569034
113,1.9000000000000001,1.4306605785358937
113,1.905,1.430572774075264
113,1.91,1.4338343095015356
113,1.915,1.4313150774367918
113,1.92,1.4325470279636727
113,1.925,1.4306607623718088
113,1.93,1.4317062139116112
113,1.935,1.4283314384223684
113,1.94,1.433513858689839
113,1.945,1.4271765930512337
113,1.95,1.424859862861363
113,1.955,1.4255365543418563
113,1.96,1.426167048276859
113,1.965,1.4276687383221152
113,1.97,1.4323351959736175
113,1.975,1.424798281304299
113,1.98,1.429362618862499
113,1.985,1.4250194803284544
113,1.99,1.430445637258364
113,1.995,1.4282593862804132
113,2.0,1.4311934936371218
