day,has_kf_reference,kf_mgkg,frequency_thz,eps_real_mean,eps_real_sd,n_scans,eps_real_sem
0,True,75.0,0.5,4.7952970941830815,1.1553712822404447,19,0.2650603506081635
0,True,75.0,0.51,4.75558020118864,1.1129120570946096,19,0.25531953631175636
0,True,75.0,0.52,4.769237950093381,1.1383363394301462,19,0.26115226670189584
0,True,75.0,0.53,4.751088666132531,1.1181498827378775,19,0.2565211759255927
0,True,75.0,0.54,4.767820758966542,1.1408964162789998,19,0.26173958861094065
0,True,75.0,0.55,4.737725856745778,1.1015156784638327,19,0.2527050277447099
0,True,75.0,0.56,4.745290317834164,1.135931676768941,19,0.2606005992527643
0,True,75.0,0.57,4.749647138883975,1.1209173900288487,19,0.257156085641743
0,True,75.0,0.58,4.744993517126739,1.1246122922604882,19,0.2580037543487946
0,True,75.0,0.59,4.743291101593109,1.1134869072078353,19,0.2554514159723476
0,True,75.0,0.6,4.729349192456131,1.1246201147972534,19,0.2580055489618073
0,True,75.0,0.61,4.739183246569177,1.1165564570599837,19,0.25615561900433054
0,True,75.0,0.62,4.72007044866296,1.1138691384840518,19,0.25553910584108913
0,True,75.0,0.63,4.721347965244088,1.1106858519243739,19,0.2548088098188803
0,True,75.0,0.64,4.705057712863083,1.110897122865358,19,0.2548572786968517
0,True,75.0,0.65,4.705803888625252,1.1100998087990208,19,0.25467436230519763
0,True,75.0,0.66,4.692723970917269,1.0980072188920216,19,0.25190013191728766
0,True,75.0,0.67,4.689134905776963,1.1047651700490508,19,0.25345051224143894
0,True,75.0,0.68,4.683170859320876,1.095904021214478,19,0.2514176252786191
0,True,75.0,0.69,4.673053336003432,1.097291222553629,19,0.25173587109186674
0,True,75.0,0.7,4.671461118922488,1.0851802969903945,19,0.2489574342159255
0,True,75.0,0.71,4.659289922037263,1.0945466727871016,19,0.2511062281930345
0,True,75.0,0.72,4.656209680556861,1.0838496296368683,19,0.2486521581884787
0,True,75.0,0.73,4.645755286470057,1.0881527990421056,19,0.24963937295555055
0,True,75.0,0.74,4.643501174498768,1.0810647163479392,19,0.24801325526253315
0,True,75.0,0.75,4.6310697754554475,1.092575492212144,19,0.25065400835483925
0,True,75.0,0.76,4.620658746256176,1.075319728919675,19,0.24669526475560075
0,True,75.0,0.77,4.624737315065019,1.0822901385572663,19,0.2482943863979872
0,True,75.0,0.78,4.614116382748096,1.0725278638793787,19,0.2460547669885136
0,True,75.0,0.79,4.61984747099157,1.078766625713422,19,0.24748603711311432
0,True,75.0,0.8,4.59559200321039,1.0633016249593026,19,0.24393812261579922
0,True,75.0,0.81,4.611062109253834,1.0727170130922492,19,0.24609816079399535
0,True,75.0,0.82,4.591127672579607,1.0636754806437332,19,0.24402389099200456
0,True,75.0,0.83,4.593911548140523,1.065577396272534,19,0.24446022036174575
0,True,75.0,0.84,4.57500485274591,1.0540200735956975,19,0.24180878869826045
0,True,75.0,0.85,4.585548923883024,1.0625269697017643,19,0.24376040451139439
0,True,75.0,0.86,4.573681304863473,1.0546121358562768,19,0.2419446170962683
0,True,75.0,0.87,4.561320134272114,1.0536984725599114,19,0.24173500836062206
0,True,75.0,0.88,4.559897826375147,1.0506486672798128,19,0.2410353350441259
0,True,75.0,0.89,4.551552920119012,1.0536198268792176,19,0.24171696580406993
0,True,75.0,0.9,4.564920005746256,1.0460561636838104,19,0.23998174246134582
0,True,75.0,0.91,4.5324891666105716,1.0374781945349791,19,0.23801382137394766
0,True,75.0,0.92,4.549527362474657,1.0388591805156453,19,0.23833064128616716
0,True,75.0,0.93,4.532891246624486,1.0362268948019597,19,0.23772675352740497
0,True,75.0,0.94,4.544734652460815,1.0322407628225219,19,0.23681227213403733
0,True,75.0,0.95,4.520492603903745,1.02038532579056,19,0.23409244834699355
0,True,75.0,0.96,4.5294974010641464,1.0282033698277149,19,0.2358860306572098
0,True,75.0,0.97,4.518308601155968,1.0190779335385751,19,0.23379251199404777
0,True,75.0,0.98,4.5197000086257155,1.0198872725332677,19,0.2339781870934652
0,True,75.0,0.99,4.508694564168103,1.0104184439976593,19,0.23180588884607412
0,True,75.0,1.0,4.505302735842053,1.0282641890113073,19,0.2358999835348471
0,True,75.0,1.01,4.508742310393684,1.0069639977569644,19,0.23101338452664869
0,True,75.0,1.02,4.490248757674216,1.0244647297798222,19,0.23502832780694463
0,True,75.0,1.03,4.495872162242153,1.0068720836658704,19,0.23099229798798732
0,True,75.0,1.04,4.478497908958115,1.0313909521283702,19,0.23661731218998747
0,True,75.0,1.05,4.504355012878797,0.9907087117055254,19,0.2272841661478819
0,True,75.0,1.06,4.4729622480313544,1.0225236687513664,19,0.2345830178666139
0,True,75.0,1.07,4.486241784261247,0.9889349359509008,19,0.22687723408141286
0,True,75.0,1.08,4.4528869916992155,1.0254808502407344,19,0.2352614418281857
0,True,75.0,1.09,4.4772905986740525,0.9758764363535872,19,0.22388140881304675
0,True,75.0,1.1,4.393418574010435,0.884402019365113,19,0.20289573830925414
0,True,75.0,1.11,4.307772279694757,0.9873998902384341,19,0.2265250704427625
0,True,75.0,1.12,4.289513127308031,1.0387568508258413,19,0.23830716524528403
0,True,75.0,1.13,4.288028572954525,1.03408996897753,19,0.23723650912116648
0,True,75.0,1.14,4.2910263958508565,1.0333038931177492,19,0.2370561709509169
0,True,75.0,1.15,4.241635792221048,1.1187180629271694,19,0.2566515254006898
0,True,75.0,1.16,4.233855655766394,1.1285346754978272,19,0.2589036107777103
0,True,75.0,1.17,4.16986310987287,1.095856689851956,19,0.251406766719351
0,True,75.0,1.18,4.100815959543734,1.1808174868565637,19,0.270898110314391
0,True,75.0,1.19,4.093903224235876,1.2217439341487266,19,0.28028728125463737
0,True,75.0,1.2,4.092755023964567,1.2379085407024246,19,0.2839956963298829
0,True,75.0,1.21,4.114307850857877,1.2288814421695413,19,0.2819247378952396
0,True,75.0,1.22,4.085534001458995,1.2274914176311702,19,0.2816058443956711
0,True,75.0,1.23,4.078939137455754,1.249081082289268,19,0.28655885315722796
0,True,75.0,1.24,4.088033415305646,1.246335862203715,19,0.2859290564766646
0,True,75.0,1.25,4.087613752967764,1.2452148971847778,19,0.2856718894642019
0,True,75.0,1.26,4.080052619360726,1.2425402357816544,19,0.28505828005554906
0,True,75.0,1.27,4.075145250446675,1.2398698067332998,19,0.28444564161567154
0,True,75.0,1.28,4.079354832668635,1.2465835806075394,19,0.2859858869760712
0,True,75.0,1.29,4.080356711243737,1.2406211026092608,19,0.28461800071040905
0,True,75.0,1.3,4.075888860637132,1.2398857027322503,19,0.2844492884079364
0,True,75.0,1.31,4.0787966514964324,1.234306941622175,19,0.2831694328337799
0,True,75.0,1.32,4.076264082958801,1.2438533701168712,19,0.2853595337327335
0,True,75.0,1.33,4.081070491911211,1.2329228758013244,19,0.2828519063577643
0,True,75.0,1.34,4.043639685881064,1.258980288005273,19,0.2888298867013009
0,True,75.0,1.35,4.021392194175311,1.2872333515339456,19,0.29531158400482294
0,True,75.0,1.36,3.9931216136997585,1.3246904180506682,19,0.3039048244083953
0,True,75.0,1.37,3.9695930903576877,1.3736633020801292,19,0.315139974537772
0,True,75.0,1.38,3.928501471424877,1.397865860634382,19,0.32069242227004113
0,True,75.0,1.39,3.9272358078327323,1.4392656079960946,19,0.3301901756930843
0,True,75.0,1.4,3.9231329314140573,1.4788058157092125,19,0.33926132146298366
0,True,75.0,1.41,3.9405093941858254,1.5250313276292897,19,0.3498661812036706
0,True,75.0,1.42,3.91225577172153,1.5075106632711779,19,0.3458466651320546
0,True,75.0,1.43,3.8857458472749538,1.529705616292665,19,0.3509385365677017
0,True,75.0,1.44,3.8898597266625465,1.5383071384586646,19,0.35291186108781836
0,True,75.0,1.45,3.8929692570215164,1.5585624091531742,19,0.3575587388789462
0,True,75.0,1.46,3.900588778663078,1.5321122952889774,19,0.35149066659583156
0,True,75.0,1.47,3.879850995997731,1.5307008218222657,19,0.3511668523746271
0,True,75.0,1.48,3.8888535989023145,1.5367960246725916,19,0.3525651878096245
0,True,75.0,1.49,3.843139374567777,1.5572888350829535,19,0.35726656094898795
0,True,75.0,1.5,3.839805471815598,1.5588490104431734,19,0.35762448972421956
0,True,75.0,1.51,3.7659417309500163,1.5816266747395569,19,0.3628500442946317
0,True,75.0,1.52,3.7752126124811913,1.6227470155049073,19,0.3722836974483221
0,True,75.0,1.53,3.7613358604147926,1.6562621813821286,19,0.37997260382383846
0,True,75.0,1.54,3.74162143306312,1.6724715526802643,19,0.38369128863578067
0,True,75.0,1.55,3.7113006755856506,1.6854637712498306,19,0.38667190799352447
0,True,75.0,1.56,3.6989534084721805,1.723293922046569,19,0.3953507398009923
0,True,75.0,1.57,3.724553375835653,1.7474473064447875,19,0.40089190620816734
0,True,75.0,1.58,3.6746769723776844,1.7586809915902237,19,0.4034690903298784
0,True,75.0,1.59,3.6785764234314984,1.7481507896121093,19,0.40105329631526404
0,True,75.0,1.6,3.658839228176486,1.7433575100147862,19,0.3999536425587974
0,True,75.0,1.61,3.671269999235089,1.8058876694047514,19,0.41429904496428943
0,True,75.0,1.62,3.5588324894223664,1.7983436205465448,19,0.4125683214591286
0,True,75.0,1.63,3.534820840192996,1.7891581072301521,19,0.41046102018067054
0,True,75.0,1.64,3.460995617575075,1.7705438313532507,19,0.4061906124199021
0,True,75.0,1.65,3.5028995652248347,1.7720080876100068,19,0.40652653584362036
0,True,75.0,1.66,3.4176763187898236,1.7759134962341194,19,0.4074224980291856
0,True,75.0,1.67,3.3127871865850542,1.7457110089613748,19,0.4004935722467926
0,True,75.0,1.68,3.066178216661303,1.6801957856249687,19,0.3854633492053772
0,True,75.0,1.69,2.99366715285699,1.6856619827425785,19,0.38671738082859486
0,True,75.0,1.7,2.9649900417995996,1.7025267805142938,19,0.39058643078597155
0,True,75.0,1.71,2.9667482762937696,1.7045617579836325,19,0.3910532866355099
0,True,75.0,1.72,2.8333463841589377,1.6304067466057097,19,0.3740409602800639
0,True,75.0,1.73,2.684508432551203,1.6470207759943525,19,0.3778524800248065
0,True,75.0,1.74,2.6683369560466064,1.6406442316220395,19,0.37638960041807407
0,True,75.0,1.75,2.5536992975664212,1.6384959537996782,19,0.3758967516848992
0,True,75.0,1.76,2.6109324907684353,1.6875630280810072,19,0.38715351054003166
0,True,75.0,1.77,2.530671237542441,1.7349734646139177,19,0.398030210630353
0,True,75.0,1.78,2.4686028847384405,1.7686719688861565,19,0.40576117771830894
0,True,75.0,1.79,2.347753572186582,1.7606902112501917,19,0.4039300369326771
0,True,75.0,1.8,2.224067183173383,1.6989212350300253,19,0.3897592619226944
0,True,75.0,1.81,2.096407311707278,1.7003212467104285,19,0.3900804466297814
0,True,75.0,1.82,2.046478021678597,1.7210393711471739,19,0.394833510351859
0,True,75.0,1.83,1.9484665039314344,1.6520308365055423,19,0.379001866733717
0,True,75.0,1.84,1.9500612263205759,1.665647956823832,19,0.3821258483847412
0,True,75.0,1.85,1.9202579152973283,1.679836431860073,19,0.3853809077976845
0,True,75.0,1.86,1.8791886340757282,1.7102058977580328,19,0.39234814110392197
0,True,75.0,1.87,1.8421548710837887,1.7161557860502348,19,0.3937131390929254
0,True,75.0,1.88,1.83682793603975,1.6777539352256565,19,0.3849031503040169
0,True,75.0,1.89,1.859520902492658,1.6918554756102737,19,0.3881382655400592
0,True,75.0,1.9,1.7106101455885663,1.5499691607680277,19,0.3555873124943358
0,True,75.0,1.91,1.715953216472836,1.5225167719845731,19,0.34928930257507956
0,True,75.0,1.92,1.6127246812085954,1.4901618362878695,19,0.34186657125788544
0,True,75.0,1.93,1.5238075957972577,1.4133860963208824,19,0.3242530085299037
0,True,75.0,1.94,1.446000669713321,1.3978149727721665,19,0.32068074779378586
0,True,75.0,1.95,1.3936016967344635,1.3505359085522213,19,0.3098341865790537
0,True,75.0,1.96,1.337824864294988,1.3928468499154651,19,0.3195409822426566
0,True,75.0,1.97,1.3192704562325226,1.3933016505003248,19,0.31964532065259693
0,True,75.0,1.98,1.2746862810564528,1.3900902706639626,19,0.3189085795907008
0,True,75.0,1.99,1.1992751812458722,1.3039028439254192,19,0.2991358278350626
0,True,75.0,2.0,1.1306567054744134,1.3526508089897715,19,0.3103193780149975
3,True,84.0,0.5,1.8594110643004742,0.7808674863262194,212,0.05363019914548236
3,True,84.0,0.51,1.8551881682374998,0.7802550401598795,212,0.053588136170084025
3,True,84.0,0.52,1.8529322581547631,0.7833172685383726,212,0.05379845087858877
3,True,84.0,0.53,1.852122847808013,0.7812579209484553,212,0.053657014305430066
3,True,84.0,0.54,1.85270012053512,0.7823599623394094,212,0.05373270281890819
3,True,84.0,0.55,1.8508804064204742,0.7797185128246343,212,0.05355128732141245
3,True,84.0,0.56,1.8511981731956084,0.779420555668927,212,0.05353082353994219
3,True,84.0,0.57,1.8493246006759527,0.779257747873465,212,0.05351964185464224
3,True,84.0,0.58,1.8475747129023028,0.7789902058527962,212,0.053501266993222725
3,True,84.0,0.59,1.8487772680123646,0.777362286216131,212,0.053389461013544984
3,True,84.0,0.6,1.8500191390561742,0.7735574294169403,212,0.05312814237570456
3,True,84.0,0.61,1.8530356397761565,0.7699936443869057,212,0.05288338061494584
3,True,84.0,0.62,1.8531506733116176,0.7666067911551538,212,0.0526507705799834
3,True,84.0,0.63,1.8522977780371779,0.7652579153802407,212,0.052558129411414
3,True,84.0,0.64,1.848101541677629,0.7645699800694503,212,0.05251088182028881
3,True,84.0,0.65,1.8459085681944705,0.764510066132476,212,0.05250676691420322
3,True,84.0,0.66,1.8435037931588882,0.7645551809860046,212,0.0525098654150648
3,True,84.0,0.67,1.8434766601040982,0.7624738155136583,212,0.052366916647532395
3,True,84.0,0.68,1.8419616475017973,0.7628977706943503,212,0.0523960340088868
3,True,84.0,0.69,1.8403776123922233,0.7605012090567622,212,0.052231437479848354
3,True,84.0,0.7,1.8381382681376948,0.7632854594839198,212,0.05242266058427272
3,True,84.0,0.71,1.834084209271263,0.760564804010136,212,0.05223580519917821
3,True,84.0,0.72,1.832291969816221,0.7619526688237981,212,0.052331124145922794
3,True,84.0,0.73,1.833356703213274,0.7575439740365695,212,0.05202833374479711
3,True,84.0,0.74,1.8348567000388964,0.7564929891341282,212,0.05195615180534666
3,True,84.0,0.75,1.8363943546320385,0.7516333266893146,212,0.05162238881833674
3,True,84.0,0.76,1.8371204131049501,0.7496624894392682,212,0.051487031160278
3,True,84.0,0.77,1.836952579603451,0.7500293923529313,212,0.0515122301558456
3,True,84.0,0.78,1.8340012505602683,0.7492251440625056,212,0.05145699415648178
3,True,84.0,0.79,1.8338232429323484,0.7494791607202549,212,0.05147444009216218
3,True,84.0,0.8,1.8322438505485796,0.7451331741108687,212,0.051175956506372806
3,True,84.0,0.81,1.8335765159551638,0.7471671416085073,212,0.05131564996763728
3,True,84.0,0.82,1.8298712709955756,0.7443422463373273,212,0.05112163536386464
3,True,84.0,0.83,1.8289266258399877,0.7458258955296526,212,0.05122353280874455
3,True,84.0,0.84,1.8242223103673005,0.7441638588480584,212,0.05110938366080096
3,True,84.0,0.85,1.8237239599253323,0.7471538867720393,212,0.05131473962173114
3,True,84.0,0.86,1.8211645143364743,0.7448882073526372,212,0.05115913212034313
3,True,84.0,0.87,1.8226404849928146,0.7421875998021721,212,0.05097365363227514
3,True,84.0,0.88,1.8225806768966044,0.7405910683219271,212,0.050864003400031
3,True,84.0,0.89,1.8238156619048052,0.7381925894331801,212,0.05069927519364234
3,True,84.0,0.9,1.823071852043282,0.7397727637939383,212,0.050807802014307846
3,True,84.0,0.91,1.8220514845518614,0.7348644717770915,212,0.05047069913457838
3,True,84.0,0.92,1.8210736294950207,0.7372656416256081,212,0.0506356121568428
3,True,84.0,0.93,1.8222268427189439,0.7325231957401013,212,0.050309899636178115
3,True,84.0,0.94,1.8218495500598395,0.7334180519295881,212,0.050371358611598555
3,True,84.0,0.95,1.821313538249353,0.7282565885375926,212,0.05001686785043605
3,True,84.0,0.96,1.81847982892612,0.7315438702384096,212,0.05024263928457726
3,True,84.0,0.97,1.8170324355480965,0.7299449317175108,212,0.0501328237361023
3,True,84.0,0.98,1.8126535729312974,0.7320149437962126,212,0.05027499274935783
3,True,84.0,0.99,1.8124130671989815,0.7296568395629556,212,0.050113037485692846
3,True,84.0,1.0,1.8095099097464038,0.7297503340151856,212,0.05011945871103504
3,True,84.0,1.01,1.811447145608429,0.7279872164989746,212,0.04999836730286776
3,True,84.0,1.02,1.8094149443259557,0.7267688934834277,212,0.04991469253462417
3,True,84.0,1.03,1.8096937963631863,0.7261643450838543,212,0.04987317198007433
3,True,84.0,1.04,1.8074517420419123,0.7256380113447893,212,0.04983702323046273
3,True,84.0,1.05,1.8089883084522722,0.7253611835230711,212,0.049818010617608786
3,True,84.0,1.06,1.8065926297765118,0.7229457051950204,212,0.049652114884935344
3,True,84.0,1.07,1.8086203326334112,0.7211188112625944,212,0.049526643294519106
3,True,84.0,1.08,1.8072048357223887,0.7197356503867373,212,0.049431647415549354
3,True,84.0,1.09,1.8072450039340684,0.7194139416360311,212,0.04940955236783724
3,True,84.0,1.1,1.8110890832860465,0.7182324969776835,212,0.04932841041556485
3,True,84.0,1.11,1.8054499018024097,0.7181687138264861,212,0.049324029770755395
3,True,84.0,1.12,1.8031969806271757,0.7192444784845077,212,0.04939791359080635
3,True,84.0,1.13,1.8021815690658425,0.7180517498730208,212,0.049315996653450565
3,True,84.0,1.14,1.801421145263057,0.7173437941139592,212,0.04926737405229285
3,True,84.0,1.15,1.8007198408071345,0.7175817597344785,212,0.04928371759821032
3,True,84.0,1.16,1.7994698008409966,0.7158177698535096,212,0.04916256627578549
3,True,84.0,1.17,1.8015585122805546,0.7130579549192771,212,0.048973021407905395
3,True,84.0,1.18,1.797830564852643,0.714456455976991,212,0.0490690708548906
3,True,84.0,1.19,1.7986127266897383,0.7159731399616005,212,0.049173237138619555
3,True,84.0,1.2,1.7963185128700345,0.7124092751153412,212,0.04892846989606001
3,True,84.0,1.21,1.7994927599300523,0.7153763873068708,212,0.049132251998023777
3,True,84.0,1.22,1.7970787276206277,0.7120712881144373,212,0.048905256853534265
3,True,84.0,1.23,1.7985807859392846,0.7121719689885638,212,0.0489121716443587
3,True,84.0,1.24,1.7952521827798558,0.7104042085939362,212,0.04879076136199259
3,True,84.0,1.25,1.7949466138522343,0.7089236436540539,212,0.048689075744440154
3,True,84.0,1.26,1.7942752311977805,0.7109396432756468,212,0.04882753516691133
3,True,84.0,1.27,1.7940996777354585,0.7084760118359922,212,0.04865833226495499
3,True,84.0,1.28,1.7936320941602604,0.7104152278313093,212,0.048791518166322524
3,True,84.0,1.29,1.7925347874058404,0.708109167819449,212,0.048633137314458195
3,True,84.0,1.3,1.7923814201423922,0.7117885004155465,212,0.04888583491463557
3,True,84.0,1.31,1.7900144702377319,0.7063748342686798,212,0.0485140227971538
3,True,84.0,1.32,1.7898743820138057,0.7093817008803558,212,0.04872053524390295
3,True,84.0,1.33,1.7889010980059288,0.705629887535388,212,0.04846285964545546
3,True,84.0,1.34,1.789923037101255,0.7077308237609177,212,0.04860715253783495
3,True,84.0,1.35,1.7884721691668934,0.7032499657648343,212,0.04829940594717695
3,True,84.0,1.36,1.7881149092064001,0.7061774027198139,212,0.04850046314270706
3,True,84.0,1.37,1.7875804526479595,0.7051172727295285,212,0.0484276531160448
3,True,84.0,1.38,1.7864645610455558,0.7054593353742131,212,0.04845114607493463
3,True,84.0,1.39,1.7868503359578656,0.7045726994367136,212,0.04839025166873858
3,True,84.0,1.4,1.7862373461759005,0.7044501299655573,212,0.048381833562898116
3,True,84.0,1.41,1.7882450602560556,0.7071055403617644,212,0.04856420789766722
3,True,84.0,1.42,1.785705885352547,0.7028045985201838,212,0.048268817999232216
3,True,84.0,1.43,1.7856310737432208,0.7037154832031063,212,0.04833137781610144
3,True,84.0,1.44,1.7843503371791136,0.7030771459779014,212,0.04828753663547965
3,True,84.0,1.45,1.7843711351460283,0.7040851325771819,212,0.04835676543934459
3,True,84.0,1.46,1.783261590032535,0.7013531904052952,212,0.04816913488064181
3,True,84.0,1.47,1.7832793959956454,0.7021397293828598,212,0.048223154599404766
3,True,84.0,1.48,1.7825690485406585,0.701841087024345,212,0.04820264375801248
3,True,84.0,1.49,1.7813944622240987,0.7006519758458012,212,0.04812097526697125
3,True,84.0,1.5,1.7824839358891449,0.7008773765502812,212,0.04813645585091215
3,True,84.0,1.51,1.7805304354894709,0.7008591933074366,212,0.04813520702066638
3,True,84.0,1.52,1.7819072925414396,0.7015272515399632,212,0.048181089448451585
3,True,84.0,1.53,1.7808451845133717,0.7010823419683205,212,0.04815053293361808
3,True,84.0,1.54,1.7811127817101684,0.701194049107588,212,0.04815820501144152
3,True,84.0,1.55,1.7802442222422474,0.7010955395113891,212,0.0481514393445974
3,True,84.0,1.56,1.779802116863516,0.7000012163930304,212,0.048076280924257475
3,True,84.0,1.57,1.7791487863783564,0.7009462827136946,212,0.04814118834564515
3,True,84.0,1.58,1.7782392368584279,0.6993154454464517,212,0.048029181982276646
3,True,84.0,1.59,1.7785401204759081,0.700225921667646,212,0.0480917137458792
3,True,84.0,1.6,1.778692298069407,0.6987068918820972,212,0.04798738635188028
3,True,84.0,1.61,1.78062994090921,0.7010431409177532,212,0.04814784059441143
3,True,84.0,1.62,1.7768594932410768,0.6973475042040121,212,0.04789402322283695
3,True,84.0,1.63,1.777018398142976,0.699350833182614,212,0.048031612421974706
3,True,84.0,1.64,1.7755439994051834,0.6974552302383712,212,0.04790142187725271
3,True,84.0,1.65,1.776018028902589,0.7026931246538135,212,0.04826116194265713
3,True,84.0,1.66,1.7753666012177933,0.6979229153184999,212,0.04793354262043115
3,True,84.0,1.67,1.782324057179721,0.6926135408503241,212,0.047568893284849444
3,True,84.0,1.68,1.7497135661915733,0.6495206277978799,212,0.04460925986531166
3,True,84.0,1.69,1.7451833971826056,0.6483256999802997,212,0.04452719188586127
3,True,84.0,1.7,1.745343339662155,0.6541120766990299,212,0.04492460187051344
3,True,84.0,1.71,1.7393205789206743,0.6436644107307273,212,0.04420705322583666
3,True,84.0,1.72,1.72495737598875,0.6101167509900481,212,0.041902990495267446
3,True,84.0,1.73,1.7187670289416452,0.6060915000247934,212,0.04162653512395625
3,True,84.0,1.74,1.7186762834341842,0.6087683325025662,212,0.04181038073332777
3,True,84.0,1.75,1.7200174909059054,0.6133342980749232,212,0.0421239725363224
3,True,84.0,1.76,1.7179051547845992,0.6133577084212873,212,0.0421255803655118
3,True,84.0,1.77,1.7203044731047246,0.6139439715064894,212,0.042165845079514624
3,True,84.0,1.78,1.7163560153238524,0.6116381211715229,212,0.042007478628318495
3,True,84.0,1.79,1.7179155342526977,0.6169379204146155,212,0.04237147033474151
3,True,84.0,1.8,1.7159913377840683,0.6228032020737779,212,0.04277429953295173
3,True,84.0,1.81,1.7144161606158694,0.6141475192060821,212,0.04217982479291788
3,True,84.0,1.82,1.7139365817372436,0.6195295253736517,212,0.04254946249409422
3,True,84.0,1.83,1.714278942506013,0.6192944092889844,212,0.042533314655102565
3,True,84.0,1.84,1.7118459849276688,0.6228355616902169,212,0.04277652200053335
3,True,84.0,1.85,1.7132244430503332,0.6188327218785499,212,0.04250160583356992
3,True,84.0,1.86,1.7112819151173193,0.6301372156544869,212,0.0432780016536785
3,True,84.0,1.87,1.7131844409871526,0.6106410858063819,212,0.04193900195830221
3,True,84.0,1.88,1.7091963084900041,0.6232351624877545,212,0.0428039666959854
3,True,84.0,1.89,1.70680359548264,0.6201594881432805,212,0.042592728514745666
3,True,84.0,1.9,1.709734810312208,0.6351023418012188,212,0.04361900791747424
3,True,84.0,1.91,1.7047307965670722,0.6262338885720441,212,0.043009920049018234
3,True,84.0,1.92,1.710568383748886,0.6325937688655513,212,0.04344671842089938
3,True,84.0,1.93,1.704294630607281,0.6194959912631844,212,0.042547159361931576
3,True,84.0,1.94,1.7023638329508184,0.6180595795996974,212,0.04244850620385204
3,True,84.0,1.95,1.7024312738890868,0.619125910161551,212,0.042521742087518015
3,True,84.0,1.96,1.6985106831952388,0.6112067518289074,212,0.041977852060232565
3,True,84.0,1.97,1.7045440065978188,0.6183936475636275,212,0.04247145008581336
3,True,84.0,1.98,1.699074480053735,0.6131910191818044,212,0.04211413210154202
3,True,84.0,1.99,1.7060022465239524,0.6180961296964584,212,0.04245101647480378
3,True,84.0,2.0,1.6986882186425578,0.6051840974556774,212,0.04156421445964511
10,True,91.0,0.5,1.483291380202066,0.19475170534146255,177,0.014638434576668764
10,True,91.0,0.51,1.4833945257178272,0.19374319972985737,177,0.014562630652950605
10,True,91.0,0.52,1.4844480523296046,0.19219660457692123,177,0.014446381442587315
10,True,91.0,0.53,1.4884070247399415,0.1898879048692773,177,0.014272848946077133
10,True,91.0,0.54,1.4911260894465777,0.18783122847037442,177,0.01411825968146488
10,True,91.0,0.55,1.4941488742573454,0.18614606101431427,177,0.013991594738978156
10,True,91.0,0.56,1.4949354524430163,0.18227089811507705,177,0.013700319658870598
10,True,91.0,0.57,1.4953474263298026,0.18213694745006545,177,0.013690251310340167
10,True,91.0,0.58,1.4950705007773781,0.18420752934307993,177,0.013845885775894058
10,True,91.0,0.59,1.4927592206360394,0.1865176354791307,177,0.01401952398603681
10,True,91.0,0.6,1.490324800577552,0.1892120316201217,177,0.014222047201761014
10,True,91.0,0.61,1.4870372073518427,0.19112683853274032,177,0.014365972902787228
10,True,91.0,0.62,1.4839138722933258,0.19256958225040055,177,0.014474416161267763
10,True,91.0,0.63,1.4826564124465844,0.19271672802233536,177,0.014485476314768984
10,True,91.0,0.64,1.4802387171839742,0.19171924304213242,177,0.014410500752432782
10,True,91.0,0.65,1.481228905200956,0.18921138393153014,177,0.01422199851850529
10,True,91.0,0.66,1.4821290406510987,0.18716051029036432,177,0.014067845415873493
10,True,91.0,0.67,1.4847694121156607,0.18370593451542575,177,0.013808183599906754
10,True,91.0,0.68,1.4854012198796858,0.1818743721307499,177,0.013670514940758655
10,True,91.0,0.69,1.4874911697027755,0.1795199751406552,177,0.013493547626164008
10,True,91.0,0.7,1.487110168858163,0.17948808338458155,177,0.013491150494986127
10,True,91.0,0.71,1.486250263241027,0.1798770799320576,177,0.013520389265967846
10,True,91.0,0.72,1.4833062745009327,0.18181424764938187,177,0.013665995707998055
10,True,91.0,0.73,1.4818035778802552,0.18341700253057835,177,0.013786466142029403
10,True,91.0,0.74,1.4783104028325331,0.18585602321263647,177,0.013969794162817977
10,True,91.0,0.75,1.477185185538288,0.18718930794819158,177,0.014070009980385656
10,True,91.0,0.76,1.4749816994919236,0.18609361472011418,177,0.013987652634106259
10,True,91.0,0.77,1.4759964179175726,0.18629051145807413,177,0.01400245229920769
10,True,91.0,0.78,1.4761369155699053,0.18524853437768127,177,0.013924132505832963
10,True,91.0,0.79,1.4786127364606203,0.18317087743540705,177,0.013767966247011671
10,True,91.0,0.8,1.4801680822858538,0.18049509991985344,177,0.013566842492873155
10,True,91.0,0.81,1.4817964492223255,0.1787110708006757,177,0.013432746652746021
10,True,91.0,0.82,1.4830049657913429,0.17648913896117394,177,0.01326573602858057
10,True,91.0,0.83,1.4835532898228632,0.17572705752684223,177,0.013208454480267558
10,True,91.0,0.84,1.4820471891631921,0.1763945073032192,177,0.013258623077598071
10,True,91.0,0.85,1.4804349662100678,0.1776998485188191,177,0.013356738531587474
10,True,91.0,0.86,1.477027770122627,0.1793568955216095,177,0.013481289811373615
10,True,91.0,0.87,1.4756734499343394,0.18110284026434728,177,0.013612523054472742
10,True,91.0,0.88,1.4728495235909027,0.18235466323776872,177,0.013706615831046234
10,True,91.0,0.89,1.472342904220701,0.1830534900123617,177,0.013759142867984719
10,True,91.0,0.9,1.4717035372122094,0.18283395266459934,177,0.013742641430440333
10,True,91.0,0.91,1.4729435354254687,0.18181639067303682,177,0.013666156787519871
10,True,91.0,0.92,1.473216749846494,0.18062781826707688,177,0.013576818214726515
10,True,91.0,0.93,1.4755551287814197,0.17815981082803323,177,0.013391311415862656
10,True,91.0,0.94,1.475307441154013,0.17685848748545083,177,0.013293497963702713
10,True,91.0,0.95,1.4775824950345195,0.17541343915809662,177,0.01318488148014992
10,True,91.0,0.96,1.476760546358621,0.17450424029013806,177,0.01311654190837335
10,True,91.0,0.97,1.4774320765666686,0.1745989652578008,177,0.013123661872942989
10,True,91.0,0.98,1.4743365365678696,0.17567652303640635,177,0.01320465607536623
10,True,91.0,0.99,1.4733684647027936,0.175504102115075,177,0.0131916961252999
10,True,91.0,1.0,1.4707690377814708,0.17679123743160258,177,0.013288443140116912
10,True,91.0,1.01,1.469826575774969,0.17803262012426968,177,0.01338175117713438
10,True,91.0,1.02,1.4683294112580962,0.17897252407941613,177,0.01345239868459338
10,True,91.0,1.03,1.4686232474189205,0.17822971039957997,177,0.013396565389393876
10,True,91.0,1.04,1.4680327126918913,0.1780145460881618,177,0.013380392649389334
10,True,91.0,1.05,1.4689815266859574,0.17696276246157724,177,0.013301335750865265
10,True,91.0,1.06,1.4695596764303591,0.17600038645268729,177,0.013228999140412529
10,True,91.0,1.07,1.4706527510048506,0.17463775051554378,177,0.013126577151435746
10,True,91.0,1.08,1.4705914081606606,0.1750142745358843,177,0.013154878429869407
10,True,91.0,1.09,1.4716538275462039,0.17499494035959873,177,0.013153425184188432
10,True,91.0,1.1,1.4678570269726279,0.1685627690981088,177,0.012669953586175146
10,True,91.0,1.11,1.467272209010693,0.1711984985563214,177,0.012868067143990702
10,True,91.0,1.12,1.4663682393960096,0.17326679431245695,177,0.01302352977297414
10,True,91.0,1.13,1.466233875547274,0.174233353721335,177,0.013096180827025336
10,True,91.0,1.14,1.465381512447817,0.17592910849288113,177,0.013223641560875285
10,True,91.0,1.15,1.4643588194421893,0.17654598383995954,177,0.01327000875131572
10,True,91.0,1.16,1.464177665559387,0.17631019338593976,177,0.013252285655495225
10,True,91.0,1.17,1.462599874094143,0.16983688949949519,177,0.01276572234006509
10,True,91.0,1.18,1.462511557993801,0.17342869459482058,177,0.013035698943391256
10,True,91.0,1.19,1.4635103125969082,0.17229292924404785,177,0.0129503295919261
10,True,91.0,1.2,1.4644667685472088,0.17375443823208261,177,0.013060183334500777
10,True,91.0,1.21,1.4642505835588604,0.17067747074818754,177,0.012828904295744417
10,True,91.0,1.22,1.463374755869254,0.17180132800778775,177,0.012913378580266482
10,True,91.0,1.23,1.463224121872946,0.170315958979514,177,0.012801731407244443
10,True,91.0,1.24,1.4622360189915906,0.17173613412372063,177,0.012908478307865569
10,True,91.0,1.25,1.4620156182260584,0.1712850860872524,177,0.012874575461360588
10,True,91.0,1.26,1.4614498163726475,0.17272842477925224,177,0.012983063440851034
10,True,91.0,1.27,1.4608732974379817,0.17227912894060413,177,0.01294929229759923
10,True,91.0,1.28,1.4596202599554444,0.17329054750756995,177,0.013025315172450046
10,True,91.0,1.29,1.460255271708757,0.17256086589372313,177,0.012970468943774582
10,True,91.0,1.3,1.4588662249786253,0.17316178598574386,177,0.013015636863806029
10,True,91.0,1.31,1.4592232404983034,0.1727096128643429,177,0.012981649450738961
10,True,91.0,1.32,1.4585916927459222,0.17313651271619782,177,0.013013737208539137
10,True,91.0,1.33,1.4591691998212621,0.171519195378938,177,0.012892172193281991
10,True,91.0,1.34,1.4584670688810997,0.17253306589616071,177,0.012968379367999954
10,True,91.0,1.35,1.4590948242833188,0.17183327583395355,177,0.012915779925930567
10,True,91.0,1.36,1.457825136674613,0.17229276401469845,177,0.012950317172527682
10,True,91.0,1.37,1.4577354351119933,0.17196039466830174,177,0.012925334762622783
10,True,91.0,1.38,1.4573648690381833,0.17289823173957222,177,0.01299582691357621
10,True,91.0,1.39,1.4575697827321756,0.17274788954410134,177,0.012984526502169517
10,True,91.0,1.4,1.4569488033996227,0.17314238716676442,177,0.013014178759282645
10,True,91.0,1.41,1.4566815478262631,0.1722626064319421,177,0.012948050389798385
10,True,91.0,1.42,1.4553889850467823,0.17062528354177556,177,0.012824981665103204
10,True,91.0,1.43,1.4553950210352764,0.1711592171281788,177,0.012865114571046936
10,True,91.0,1.44,1.4561086242005912,0.17194587198276473,177,0.012924243170732801
10,True,91.0,1.45,1.4548837309895,0.1723354000139613,177,0.012953521890477267
10,True,91.0,1.46,1.4560944604467052,0.17210319492835674,177,0.012936068287449594
10,True,91.0,1.47,1.4549717585100048,0.17153701211240677,177,0.01289351138097637
10,True,91.0,1.48,1.454721423342547,0.17219073124907683,177,0.012942647920227118
10,True,91.0,1.49,1.4553895221135182,0.1717309890213538,177,0.0129080915782898
10,True,91.0,1.5,1.4548623370800102,0.172715035594954,177,0.012982057048131438
10,True,91.0,1.51,1.4541918681867312,0.1720537900123102,177,0.012932354786558575
10,True,91.0,1.52,1.4547018856304912,0.17282919699529764,177,0.012990637944443393
10,True,91.0,1.53,1.454243648008822,0.1726288819402507,177,0.012975581342895871
10,True,91.0,1.54,1.4550787126191511,0.1726479138944914,177,0.012977011872176888
10,True,91.0,1.55,1.45468033263038,0.17281949213135897,177,0.012989908482200212
10,True,91.0,1.56,1.4555312719497138,0.1736111326606842,177,0.013049411828147547
10,True,91.0,1.57,1.4550877410148768,0.17259424737111817,177,0.012972978049263867
10,True,91.0,1.58,1.454984852055161,0.17291101824272906,177,0.012996788006007199
10,True,91.0,1.59,1.4554207069721785,0.17270882217533962,177,0.012981590018914092
10,True,91.0,1.6,1.454553980783326,0.1740394437258821,177,0.013081605659238113
10,True,91.0,1.61,1.4538273483224131,0.17125896843361046,177,0.012872612338298516
10,True,91.0,1.62,1.4544876006108245,0.17343283594852052,177,0.013036010226597169
10,True,91.0,1.63,1.4549124679235206,0.17419384448943157,177,0.01309321113130237
10,True,91.0,1.64,1.4551413755773048,0.17460415795043538,177,0.013124052179622332
10,True,91.0,1.65,1.4564497585342409,0.1756359932210344,177,0.013201609667892229
10,True,91.0,1.66,1.4519366028929843,0.17338114248236236,177,0.01303212470774602
10,True,91.0,1.67,1.4337022340459118,0.18949292604000043,177,0.014243160519260015
10,True,91.0,1.68,1.442765814593252,0.18850377323421783,177,0.01416881124150458
10,True,91.0,1.69,1.4447697014140435,0.18559329095933946,177,0.013950045997356084
10,True,91.0,1.7,1.4461182664081929,0.1882746337947126,177,0.014151588066548289
10,True,91.0,1.71,1.4470485273641547,0.190047442967675,177,0.014284840563874707
10,True,91.0,1.72,1.4482448773950123,0.18541066951017862,177,0.013936319328667098
10,True,91.0,1.73,1.445094719288794,0.18386139778329574,177,0.013819868934686237
10,True,91.0,1.74,1.4469349749615674,0.18605120457327712,177,0.013984464892264549
10,True,91.0,1.75,1.4455598340277105,0.1849457641676559,177,0.013901374903256648
10,True,91.0,1.76,1.446991742009475,0.18765382383176987,177,0.014104925132269241
10,True,91.0,1.77,1.4465163702225499,0.18482673346637532,177,0.013892428007873853
10,True,91.0,1.78,1.446482746061394,0.18574611026775115,177,0.013961532599973061
10,True,91.0,1.79,1.4454658434322563,0.18545621600382267,177,0.013939742812770798
10,True,91.0,1.8,1.447576376539284,0.18623318078281959,177,0.01399814306177391
10,True,91.0,1.81,1.446164745525373,0.18589922164254186,177,0.013973041155643412
10,True,91.0,1.82,1.4448062054775928,0.18746975458019582,177,0.014091089640086932
10,True,91.0,1.83,1.446909497572831,0.18645537396327583,177,0.014014844123927835
10,True,91.0,1.84,1.448375614785897,0.18630737379713416,177,0.014003719750225421
10,True,91.0,1.85,1.450251836104175,0.1857146379240526,177,0.013959166993759767
10,True,91.0,1.86,1.4471515713063712,0.18734063007932292,177,0.014081384048267035
10,True,91.0,1.87,1.4521122550219716,0.1857252126603919,177,0.013959961839616428
10,True,91.0,1.88,1.44636627947574,0.1851294000041256,177,0.013915177817964789
10,True,91.0,1.89,1.4475403479040436,0.18542862441406308,177,0.01393766890188589
10,True,91.0,1.9,1.448312552665056,0.1860422689555712,177,0.013983793250108909
10,True,91.0,1.91,1.446456585483796,0.18486462193483658,177,0.013895275879556454
10,True,91.0,1.92,1.4454881516598996,0.18770027225681138,177,0.014108416409688185
10,True,91.0,1.93,1.4448542053151272,0.18564463964190908,177,0.013953905600685747
10,True,91.0,1.94,1.4488995882590967,0.18680264583291395,177,0.014040946676072896
10,True,91.0,1.95,1.449553791775948,0.1855973518711211,177,0.013950351234177158
10,True,91.0,1.96,1.4484862885666019,0.1862569047012268,177,0.013999926260677855
10,True,91.0,1.97,1.4499483512589548,0.1819198286130466,177,0.013673931659195185
10,True,91.0,1.98,1.447817679619025,0.18365528302074635,177,0.013804376400427937
10,True,91.0,1.99,1.4478535682861011,0.18431843556115268,177,0.013854221997723577
10,True,91.0,2.0,1.4487669758215131,0.18310937481706477,177,0.013763343427132795
15,True,99.0,0.5,1.7869741789845122,0.6679335844033994,211,0.04598244426864784
15,True,99.0,0.51,1.7834259813897633,0.667746225324661,211,0.045969545937739664
15,True,99.0,0.52,1.7818935664205409,0.6679919108102775,211,0.045986459624090786
15,True,99.0,0.53,1.7796765610588103,0.6674651884181205,211,0.045950198559206554
15,True,99.0,0.54,1.7781962628716592,0.6699082824809929,211,0.04611838809063943
15,True,99.0,0.55,1.774599952102094,0.6687974258214752,211,0.04604191356438492
15,True,99.0,0.56,1.7747987439145458,0.6689602577186076,211,0.046053123374476646
15,True,99.0,0.57,1.774044689126633,0.6687531644335408,211,0.046038866484777806
15,True,99.0,0.58,1.7745633706415584,0.6676408107247864,211,0.045962288897403586
15,True,99.0,0.59,1.7757597544124208,0.6663982856550129,211,0.04587674994396963
15,True,99.0,0.6,1.7763710067703726,0.6626388850738701,211,0.04561794213471668
15,True,99.0,0.61,1.7772536236348602,0.6615182088698921,211,0.04554079160314302
15,True,99.0,0.62,1.7772708608152,0.658392216592465,211,0.045325589419816056
15,True,99.0,0.63,1.777912556241985,0.6569624634637241,211,0.04522716115524694
15,True,99.0,0.64,1.776031787375598,0.6541057757922063,211,0.04503049866556868
15,True,99.0,0.65,1.7757691695728453,0.6533602844283941,211,0.044979176923572624
15,True,99.0,0.66,1.7737657001328864,0.6533746692456097,211,0.04498016721522942
15,True,99.0,0.67,1.7719874670276732,0.65186983645476,211,0.04487657025356341
15,True,99.0,0.68,1.7686017595776804,0.6529801335122415,211,0.04495300625522499
15,True,99.0,0.69,1.766029657169017,0.6513868059962648,211,0.04484331706543744
15,True,99.0,0.7,1.7637272523818182,0.653608146948752,211,0.04499624048317612
15,True,99.0,0.71,1.7603779258372012,0.6497102017906093,211,0.04472789487190305
15,True,99.0,0.72,1.7592651484456536,0.6509802837176766,211,0.044815330917629286
15,True,99.0,0.73,1.758501782816979,0.6469501228205133,211,0.0445378831995107
15,True,99.0,0.74,1.758395013794594,0.6471214249626434,211,0.04454967612531578
15,True,99.0,0.75,1.7584700517817318,0.6407760363621026,211,0.04411284155897504
15,True,99.0,0.76,1.7592137752708592,0.6412103956204455,211,0.04414274408350098
15,True,99.0,0.77,1.7609340810981984,0.6384463045802482,211,0.04395245620881226
15,True,99.0,0.78,1.7608127852845035,0.6373033694886185,211,0.04387377331221786
15,True,99.0,0.79,1.7618017804056434,0.6348003903043984,211,0.043701461119012616
15,True,99.0,0.8,1.7606567763631389,0.6335269182005712,211,0.04361379168389323
15,True,99.0,0.81,1.7608247499350642,0.6339872497298182,211,0.043645482213285625
15,True,99.0,0.82,1.7576800436555209,0.631977128553261,211,0.04350709976459227
15,True,99.0,0.83,1.7567696061913733,0.6329745361651806,211,0.043575764136318966
15,True,99.0,0.84,1.752566881957035,0.6324002939966998,211,0.04353623167512006
15,True,99.0,0.85,1.7517664880448678,0.6343472390894221,211,0.04367026490284012
15,True,99.0,0.86,1.7476903596873516,0.6320828767650611,211,0.04351437977172046
15,True,99.0,0.87,1.7472587233104313,0.6315579600148603,211,0.04347824301235485
15,True,99.0,0.88,1.745343633031037,0.63055290574949,211,0.04340905222329513
15,True,99.0,0.89,1.7458814215996679,0.6288799491898011,211,0.04329388114406504
15,True,99.0,0.9,1.7457517370147606,0.6282553292969685,211,0.043250880537295255
15,True,99.0,0.91,1.7465113788209763,0.6242199182343114,211,0.042973071382878425
15,True,99.0,0.92,1.746540410833213,0.6242177688911331,211,0.04297292341599186
15,True,99.0,0.93,1.7472029666237126,0.6205636662598857,211,0.04272136461655923
15,True,99.0,0.94,1.746779114378289,0.6209623059092059,211,0.042748808101789146
15,True,99.0,0.95,1.7467037743204414,0.6170694656596144,211,0.042480813926913996
15,True,99.0,0.96,1.745154983876718,0.6178626697124271,211,0.04253542034588109
15,True,99.0,0.97,1.7442085093257562,0.6154536414392883,211,0.04236957600012904
15,True,99.0,0.98,1.741087184389354,0.6153490808976662,211,0.04236237775558781
15,True,99.0,0.99,1.7399460278488963,0.6163425782269868,211,0.04243077293235878
15,True,99.0,1.0,1.7359315988658346,0.6134536139562303,211,0.042231888429953006
15,True,99.0,1.01,1.7358200612039894,0.6161423538455228,211,0.04241698891748533
15,True,99.0,1.02,1.7331666583306438,0.6133608069471023,211,0.042225499331957905
15,True,99.0,1.03,1.7343021576231628,0.6156109782420448,211,0.042380407512322915
15,True,99.0,1.04,1.7302337785349433,0.6074491776340365,211,0.04181852598644519
15,True,99.0,1.05,1.7346279267934286,0.615355281196787,211,0.04236280460178245
15,True,99.0,1.06,1.7318306826091963,0.6092453552815081,211,0.04194217995519304
15,True,99.0,1.07,1.7345123162869127,0.6106680083476564,211,0.04204011943129562
15,True,99.0,1.08,1.7309975131269806,0.6031461691126447,211,0.04152229466323789
15,True,99.0,1.09,1.7344569742712377,0.6066996268675189,211,0.04176692478364191
15,True,99.0,1.1,1.736570950935889,0.6210777573330242,211,0.04275675610558088
15,True,99.0,1.11,1.7268985261943697,0.596990213524859,211,0.04109850120331109
15,True,99.0,1.12,1.7302620677943996,0.6056704311779686,211,0.04169607203040216
15,True,99.0,1.13,1.726052362351534,0.5973597450462819,211,0.041123940802376184
15,True,99.0,1.14,1.7230401600071115,0.5991411744122849,211,0.04124657945755615
15,True,99.0,1.15,1.7167989440641296,0.5930744194499108,211,0.04082892682193059
15,True,99.0,1.16,1.7230191045526022,0.6039395601492028,211,0.04157691395469688
15,True,99.0,1.17,1.7210143352347256,0.6036957845121483,211,0.04156013174774299
15,True,99.0,1.18,1.7161623919434907,0.596403665435866,211,0.0410581215676066
15,True,99.0,1.19,1.7166359513959244,0.5957055304733515,211,0.04101005997472459
15,True,99.0,1.2,1.7152144459157925,0.5948930209708699,211,0.04095412451379253
15,True,99.0,1.21,1.717564366887416,0.5969964538460923,211,0.04109893080474158
15,True,99.0,1.22,1.71537058923765,0.5923709623366759,211,0.04078049883708296
15,True,99.0,1.23,1.7180918056196433,0.5935745051290613,211,0.04086335413986763
15,True,99.0,1.24,1.716366284447558,0.5896731483648884,211,0.04059477366394961
15,True,99.0,1.25,1.718312546430167,0.592047790901939,211,0.04075825079800542
15,True,99.0,1.26,1.7163503461455596,0.5882615135122086,211,0.04049759271294382
15,True,99.0,1.27,1.7165450387911618,0.5898888784562115,211,0.04060962513591175
15,True,99.0,1.28,1.715302355235796,0.5888774510788929,211,0.04053999560373172
15,True,99.0,1.29,1.7157655892937613,0.5904373964901448,211,0.04064738667465548
15,True,99.0,1.3,1.713521263944388,0.5886925539956132,211,0.04052726676358073
15,True,99.0,1.31,1.7130199351215845,0.5894267871648645,211,0.04057781345950028
15,True,99.0,1.32,1.7126056208867115,0.5889904132536148,211,0.04054777224054847
15,True,99.0,1.33,1.7121453939367417,0.5881828962589368,211,0.04049218047802775
15,True,99.0,1.34,1.711761842937174,0.5867755288474004,211,0.04039529330978588
15,True,99.0,1.35,1.710983774689027,0.5876875181340298,211,0.040458077241489955
15,True,99.0,1.36,1.7105343295482538,0.5868303303659191,211,0.04039906600190673
15,True,99.0,1.37,1.7108655190193591,0.5857531040865428,211,0.04032490668650056
15,True,99.0,1.38,1.7109368842113515,0.5848996805823369,211,0.04026615458953159
15,True,99.0,1.39,1.7113496112324746,0.585470984758007,211,0.0403054847909642
15,True,99.0,1.4,1.7110772697715433,0.5843911506085606,211,0.040231145942378456
15,True,99.0,1.41,1.7124788050097288,0.5862383228630286,211,0.04035831052464981
15,True,99.0,1.42,1.7102073103917717,0.5850762408269636,211,0.04027830949804073
15,True,99.0,1.43,1.7091246429548819,0.5835390394036467,211,0.04017248418781847
15,True,99.0,1.44,1.7099844656623908,0.5833386566909323,211,0.040158689272972226
15,True,99.0,1.45,1.7090631842398565,0.5820616004085865,211,0.04007077309282784
15,True,99.0,1.46,1.7092589304123378,0.5842480458367831,211,0.04022129420360309
15,True,99.0,1.47,1.7076554011124716,0.5811044967373169,211,0.040004883358801695
15,True,99.0,1.48,1.7090594939341333,0.5819319195213023,211,0.04006184549237251
15,True,99.0,1.49,1.707984928515758,0.5798068949325573,211,0.03991555276656392
15,True,99.0,1.5,1.7096401160365056,0.5841276441673382,211,0.04021300541084827
15,True,99.0,1.51,1.7078711778787692,0.5800063785686791,211,0.039929285786424976
15,True,99.0,1.52,1.7084343472136538,0.5819943794603517,211,0.04006614541190557
15,True,99.0,1.53,1.7071164047448648,0.5804444809968302,211,0.039959446001387684
15,True,99.0,1.54,1.7082510451714317,0.5822334977454844,211,0.040082606993530556
15,True,99.0,1.55,1.7067710315501285,0.5803718039123662,211,0.03995444270455697
15,True,99.0,1.56,1.7079143163669148,0.5796871419269923,211,0.039907308629672206
15,True,99.0,1.57,1.7070423367859802,0.580442144784449,211,0.03995928516989466
15,True,99.0,1.58,1.7073414225512855,0.579065750307595,211,0.03986453026641104
15,True,99.0,1.59,1.7076414392975316,0.5787508157036398,211,0.03984284927414956
15,True,99.0,1.6,1.7071149263893717,0.5771326000998361,211,0.039731446717736665
15,True,99.0,1.61,1.7074962544752912,0.5823649386308305,211,0.04009165575724925
15,True,99.0,1.62,1.7053152595863708,0.5763873931551812,211,0.03968014455596289
15,True,99.0,1.63,1.7061296511890214,0.5794661904190459,211,0.03989209770056569
15,True,99.0,1.64,1.7054364237738635,0.5757574047861349,211,0.03963677436804901
15,True,99.0,1.65,1.7078628527401998,0.5821457560270455,211,0.040076566604527276
15,True,99.0,1.66,1.7012141003894463,0.5618833651602189,211,0.03868164609066267
15,True,99.0,1.67,1.7100625028720848,0.5277766588147474,211,0.03633364359409919
15,True,99.0,1.68,1.6713097336554181,0.5229779208845773,211,0.03600328485097507
15,True,99.0,1.69,1.6642272062048846,0.5181186590702804,211,0.03566875947183539
15,True,99.0,1.7,1.6692247590070046,0.5208984786418921,211,0.035860130143281266
15,True,99.0,1.71,1.6623577029292362,0.5164107896248075,211,0.03555118489042737
15,True,99.0,1.72,1.6481730455726264,0.5158104158616518,211,0.0355098534560613
15,True,99.0,1.73,1.637648887345294,0.5075072116877811,211,0.034938237307253275
15,True,99.0,1.74,1.6355441115793963,0.5069012557634824,211,0.034896521581065904
15,True,99.0,1.75,1.6359231311107127,0.5072480591328429,211,0.03492039650961593
15,True,99.0,1.76,1.6347075829490176,0.5066713249723647,211,0.03488069249261295
15,True,99.0,1.77,1.6356645048146057,0.5076737496823774,211,0.03494970225561633
15,True,99.0,1.78,1.6360039033323943,0.5064631680547274,211,0.03486636237942821
15,True,99.0,1.79,1.6361681041773084,0.5109772061265269,211,0.03517712157601581
15,True,99.0,1.8,1.6303917086068886,0.5125485559656118,211,0.035285297760129695
15,True,99.0,1.81,1.6309603568046602,0.5100506974135995,211,0.03511333808578354
15,True,99.0,1.82,1.631532821181866,0.5138900533573898,211,0.035377650249201
15,True,99.0,1.83,1.6318390551887132,0.5130627543869649,211,0.0353206966393072
15,True,99.0,1.84,1.6325194605954834,0.51287582674569,211,0.035307828009778906
15,True,99.0,1.85,1.6324219021162234,0.5089806021381518,211,0.03503966968893332
15,True,99.0,1.86,1.6334399025492532,0.5158548004610325,211,0.035512909017894195
15,True,99.0,1.87,1.6259156221716822,0.5104846264172764,211,0.03514321099035675
15,True,99.0,1.88,1.6243161996064466,0.5141430332987129,211,0.035395066106592515
15,True,99.0,1.89,1.6250363996735033,0.5173381827505987,211,0.035615029266152114
15,True,99.0,1.9,1.6267568572286562,0.5204784134457934,211,0.035831211662582234
15,True,99.0,1.91,1.623280368507605,0.5187252073561187,211,0.03571051597787291
15,True,99.0,1.92,1.6256368363570495,0.5141368182034276,211,0.03539463824178791
15,True,99.0,1.93,1.617562937319204,0.5166183244695348,211,0.03556547217834688
15,True,99.0,1.94,1.6193831373471637,0.5138131631732812,211,0.035372356910629406
15,True,99.0,1.95,1.620734091160721,0.5200093916331768,211,0.03579892286941025
15,True,99.0,1.96,1.6174536477347294,0.5145081945906513,211,0.03542020484665246
15,True,99.0,1.97,1.619571621825985,0.5239727422688607,211,0.03607177117944878
15,True,99.0,1.98,1.6159918668703641,0.51966572223625,211,0.03577526369242016
15,True,99.0,1.99,1.6199534766054553,0.5239201017780756,211,0.03606814725861245
15,True,99.0,2.0,1.618043714447941,0.5128350269999679,211,0.03530501923944957
20,False,,0.5,1.6798909910524038,0.42094571712754053,187,0.030782599498978998
20,False,,0.51,1.6812863437932106,0.4187805018988867,187,0.030624263280077533
20,False,,0.52,1.6816804962559662,0.41679442208712614,187,0.03047902674023192
20,False,,0.53,1.684543103495056,0.41513096596609544,187,0.0303573827812264
20,False,,0.54,1.6835606300097659,0.4150401202907795,187,0.030350739487505423
20,False,,0.55,1.684255281708307,0.4142730296808772,187,0.03029464426652258
20,False,,0.56,1.6844200151427322,0.41551370127981674,187,0.0303853711592928
20,False,,0.57,1.6835796066824715,0.41407162241027057,187,0.030279915908221246
20,False,,0.58,1.6814163957906623,0.4153669685514369,187,0.03037464099949469
20,False,,0.59,1.680019072252139,0.41469783270085003,187,0.030325708939941787
20,False,,0.6,1.679260718682499,0.41509977616816435,187,0.030355101957312287
20,False,,0.61,1.6779896578394846,0.4129582964728045,187,0.030198501452507805
20,False,,0.62,1.6776514651659433,0.41229218162574527,187,0.030149790310612195
20,False,,0.63,1.6781549047285786,0.4097196457131115,187,0.029961667853313615
20,False,,0.64,1.6778647698687517,0.40866759680346115,187,0.029884734417667584
20,False,,0.65,1.6780900576230444,0.4053066646890867,187,0.029638958720207054
20,False,,0.66,1.6777368169862923,0.4055839691488684,187,0.029659237230659635
20,False,,0.67,1.677519127160002,0.4038808265050922,187,0.029534691105684786
20,False,,0.68,1.6750424929568744,0.4049048526823522,187,0.02960957531618624
20,False,,0.69,1.6735375857892194,0.40376670698221917,187,0.029526345859671625
20,False,,0.7,1.6713153747782914,0.4056772405111876,187,0.029666057908182115
20,False,,0.71,1.6689985753966967,0.4050129873483034,187,0.02961748290611647
20,False,,0.72,1.6662241949263994,0.4061344380981943,187,0.02969949150695766
20,False,,0.73,1.6660948827713697,0.4041855549198892,187,0.02955697505434369
20,False,,0.74,1.6649819561757795,0.4037842362077331,187,0.02952762772359509
20,False,,0.75,1.6658575929004018,0.40062076838620303,187,0.029296292045345243
20,False,,0.76,1.6673689881264104,0.40017275805220215,187,0.02926353028504736
20,False,,0.77,1.6692912853320006,0.39793191807437683,187,0.02909966383678083
20,False,,0.78,1.6683272511418865,0.39771610659407725,187,0.029083882138345514
20,False,,0.79,1.6697835597402213,0.3960147648939809,187,0.028959467711415714
20,False,,0.8,1.6684644875796042,0.39683135261333136,187,0.029019182519519897
20,False,,0.81,1.6673398131909813,0.39677740699270947,187,0.029015237625043575
20,False,,0.82,1.6644899714782675,0.397367619100747,187,0.029058398208942956
20,False,,0.83,1.663991486171843,0.3972211743578513,187,0.029047689108729156
20,False,,0.84,1.661283291894852,0.3982661401121095,187,0.029124104572753776
20,False,,0.85,1.6614644042349522,0.39827190751766367,187,0.02912452632721783
20,False,,0.86,1.659274556448061,0.3975784901613945,187,0.02907381862811275
20,False,,0.87,1.6605569215181482,0.3965266393722827,187,0.02899689968047537
20,False,,0.88,1.6598297491442369,0.39558180990660025,187,0.028927806907099732
20,False,,0.89,1.6613457950952568,0.3948504795029595,187,0.02887432673138891
20,False,,0.9,1.6607227867666396,0.3934183795544966,187,0.02876960121129843
20,False,,0.91,1.6619867616614685,0.3933925048440235,187,0.028767709065073303
20,False,,0.92,1.659826688194102,0.3930172874957953,187,0.028740270455091966
20,False,,0.93,1.6602095624098494,0.3928780166084009,187,0.02873008595914844
20,False,,0.94,1.6573600120010759,0.39282149028748775,187,0.028725952345176328
20,False,,0.95,1.6572035921414503,0.39436878345958926,187,0.02883910162805613
20,False,,0.96,1.654272331909747,0.39368706309038803,187,0.02878924929735987
20,False,,0.97,1.6542005166669305,0.3943206440064826,187,0.028835581322599182
20,False,,0.98,1.6521559934008332,0.39368968812579064,187,0.028789441258960095
20,False,,0.99,1.6532822396048772,0.39350481049170777,187,0.02877592166739583
20,False,,1.0,1.6519885604959788,0.39216987761289424,187,0.02867830170716213
20,False,,1.01,1.6534598037817752,0.3913386860243432,187,0.02861751895837475
20,False,,1.02,1.6530897192815788,0.3904970413374649,187,0.02855597180333203
20,False,,1.03,1.6536657524801848,0.3894766213953218,187,0.028481351306860164
20,False,,1.04,1.6526207703761555,0.38916908483545043,187,0.028458862006295677
20,False,,1.05,1.6530315520723542,0.38967711209588174,187,0.028496012638921507
20,False,,1.06,1.6508942695464264,0.3904289905878295,187,0.028550995439667073
20,False,,1.07,1.649968482798313,0.38977622491943564,187,0.02850326048639574
20,False,,1.08,1.6483793643436915,0.3895306500883769,187,0.028485302276194446
20,False,,1.09,1.6475559894543508,0.3902129902053373,187,0.028535199927335327
20,False,,1.1,1.651940711789149,0.4046351719544203,187,0.029589854308220725
20,False,,1.11,1.6462871867853224,0.3901672807893967,187,0.028531857323795297
20,False,,1.12,1.646244147904072,0.3922760172977082,187,0.028686063409623132
20,False,,1.13,1.6463303521359614,0.38964001805768467,187,0.0284933000541982
20,False,,1.14,1.6470970047102866,0.3895774614933444,187,0.028488725465153183
20,False,,1.15,1.6455383065133793,0.38647770266117837,187,0.02826204864961243
20,False,,1.16,1.6469523904092054,0.39195734280318856,187,0.028662759622611642
20,False,,1.17,1.6488926747372235,0.3894421858678057,187,0.028478833131691885
20,False,,1.18,1.645389603400348,0.3879612035361473,187,0.028370532977715756
20,False,,1.19,1.64460167006319,0.3866825837124693,187,0.028277031035915952
20,False,,1.2,1.6442771903801827,0.38837858793053587,187,0.028401055147503493
20,False,,1.21,1.643367306502856,0.3877545877560965,187,0.02835542373548169
20,False,,1.22,1.6424201924877093,0.3863577557998653,187,0.028253277266408548
20,False,,1.23,1.6414132369601477,0.38582401057268956,187,0.028214245949794235
20,False,,1.24,1.6423718412374244,0.385095987149819,187,0.02816100760446785
20,False,,1.25,1.6418907868632424,0.38549353567068184,187,0.0281900792315238
20,False,,1.26,1.6415670681132473,0.3836379302198641,187,0.0280543839218995
20,False,,1.27,1.641070068031443,0.38380644621868926,187,0.02806670703219601
20,False,,1.28,1.6410146826628065,0.38307725089388783,187,0.028013382988913038
20,False,,1.29,1.639673860714628,0.38413909722969164,187,0.028091032883316415
20,False,,1.3,1.639635551953534,0.3821913026779127,187,0.02794859603895831
20,False,,1.31,1.6391458559891283,0.38376069649689537,187,0.02806336148120007
20,False,,1.32,1.6388765758167185,0.38192006015880214,187,0.02792876082151068
20,False,,1.33,1.637288400992198,0.3830886691225224,187,0.028014217972486318
20,False,,1.34,1.6368365996324208,0.3811454747388673,187,0.02787211752573775
20,False,,1.35,1.6359483887105342,0.3832226781331964,187,0.028024017681895365
20,False,,1.36,1.635587531899606,0.3815409124978127,187,0.027901034798595292
20,False,,1.37,1.6351339434501357,0.38232191207862487,187,0.02795814714426557
20,False,,1.38,1.636031909929366,0.38041792085162224,187,0.02781891351625687
20,False,,1.39,1.6351644137005397,0.38155815301248075,187,0.02790229554989074
20,False,,1.4,1.635137726809392,0.3783948175596299,187,0.02767096955139739
20,False,,1.41,1.6352332139320882,0.38245379976681093,187,0.027967791727210804
20,False,,1.42,1.637053555248614,0.38137300375185684,187,0.027888756095026564
20,False,,1.43,1.6342783791844204,0.3803832379539551,187,0.02781637725159159
20,False,,1.44,1.634361876768369,0.3796087605934065,187,0.027759741857903593
20,False,,1.45,1.6334543247912399,0.38040295963036613,187,0.027817819443403283
20,False,,1.46,1.6342697420524805,0.3801168684024031,187,0.027796898380823883
20,False,,1.47,1.6318374820878037,0.3785316077050721,187,0.02768097263752281
20,False,,1.48,1.6331188284456486,0.37775993053899043,187,0.0276245420143344
20,False,,1.49,1.6320300798135312,0.3777915505918912,187,0.027626854301607977
20,False,,1.5,1.6331681294649147,0.37783660781173717,187,0.0276301492118461
20,False,,1.51,1.630975024964265,0.37759221215876887,187,0.027612277231686872
20,False,,1.52,1.6320661692935585,0.37761050463627355,187,0.027613614910123686
20,False,,1.53,1.6291221160019798,0.37782843284921597,187,0.027629551399380094
20,False,,1.54,1.630428069336826,0.3772649529694959,187,0.02758834566962112
20,False,,1.55,1.6294819785273433,0.3763891057780499,187,0.027524297379735753
20,False,,1.56,1.6307793385970595,0.37751664619658504,187,0.027606751301252105
20,False,,1.57,1.628492083352609,0.3771265163062316,187,0.027578222178187783
20,False,,1.58,1.6288363757522797,0.3767570224655876,187,0.027551202112533008
20,False,,1.59,1.6281273147886086,0.3754900166578233,187,0.027458549471690307
20,False,,1.6,1.6300490552493454,0.37655338101346314,187,0.02753631037469822
20,False,,1.61,1.6269302465314128,0.376932015712887,187,0.027563998886148855
20,False,,1.62,1.6286759162465547,0.37617497449222725,187,0.027508638549289255
20,False,,1.63,1.6273832678282112,0.37690037531020637,187,0.027561685110751993
20,False,,1.64,1.6281079254342514,0.37686742353567504,187,0.02755927543834791
20,False,,1.65,1.6270682788036857,0.37493268728709495,187,0.027417793511693333
20,False,,1.66,1.6263463371137485,0.37791395335837147,187,0.027635805278384367
20,False,,1.67,1.6464884072562853,0.3925161995046119,187,0.0287036272720906
20,False,,1.68,1.632933026323861,0.39968861058319716,187,0.02922812591571793
20,False,,1.69,1.6270525856338267,0.39549966976645773,187,0.028921800225159718
20,False,,1.7,1.6277791655018206,0.3947753684302497,187,0.02886883406576698
20,False,,1.71,1.6242753859352352,0.39440298949314856,187,0.028841603020964196
20,False,,1.72,1.6170114654931413,0.3866944787589934,187,0.02827790088786663
20,False,,1.73,1.6262918174157608,0.39026375299744515,187,0.028538912070339345
20,False,,1.74,1.626024111727313,0.39140650359913826,187,0.02862247827060663
20,False,,1.75,1.6273029195575075,0.3939955537703267,187,0.028811808370093804
20,False,,1.76,1.625867431370275,0.394654568142776,187,0.028860000273861368
20,False,,1.77,1.625068324933328,0.3962983880408761,187,0.02898020829003257
20,False,,1.78,1.625649625853593,0.39160372821985623,187,0.02863690076325563
20,False,,1.79,1.6256330310423903,0.39347234850323554,187,0.02877354781169562
20,False,,1.8,1.6280325530674598,0.391860720864406,187,0.028655693926671905
20,False,,1.81,1.6249777846033908,0.3945421284417298,187,0.02885177786858615
20,False,,1.82,1.6274334400157762,0.39408803525454483,187,0.028818571286008912
20,False,,1.83,1.6272261844353817,0.39499750291346475,187,0.02888507814796927
20,False,,1.84,1.6273447700616586,0.39315858968910006,187,0.02875060349483521
20,False,,1.85,1.623628014546842,0.3960004417511535,187,0.028958420299478062
20,False,,1.86,1.6242778814121603,0.3952448611903615,187,0.028903166776646692
20,False,,1.87,1.6183828238034013,0.3963206873340081,187,0.02898183897584707
20,False,,1.88,1.6261348643529738,0.39253346474014505,187,0.028704889831154743
20,False,,1.89,1.6222963156829915,0.3925963518342348,187,0.028709488590928874
20,False,,1.9,1.6219884804129743,0.39393117448580217,187,0.02880710049054802
20,False,,1.91,1.6227084760251669,0.39336821803430777,187,0.028765933037651792
20,False,,1.92,1.6234556499773565,0.3923548705661887,187,0.028691829731702336
20,False,,1.93,1.6215672188116168,0.3928668084137977,187,0.028729266334784682
20,False,,1.94,1.6210059486735722,0.39526829221874454,187,0.028904880223139237
20,False,,1.95,1.620677349446817,0.39443691357343047,187,0.0288440837954066
20,False,,1.96,1.6182252107914774,0.3956188916963871,187,0.028930518596130574
20,False,,1.97,1.617146315125805,0.3937651976643223,187,0.02879496306328877
20,False,,1.98,1.6167706372647817,0.39422216676409017,187,0.028828379953422616
20,False,,1.99,1.61308076485823,0.3933961368998392,187,0.028767974667299395
20,False,,2.0,1.6118898101700816,0.39227356940558794,187,0.028685884402022653
30,True,113.0,0.5,1.6078847059242285,0.45809678945447374,160,0.036215731087168496
30,True,113.0,0.51,1.6059355583641122,0.45782142877625387,160,0.03619396191413791
30,True,113.0,0.52,1.6050139522546203,0.4575164812371347,160,0.03616985369437591
30,True,113.0,0.53,1.6065558285017985,0.45707675359726235,160,0.03613509017207274
30,True,113.0,0.54,1.6064369643360952,0.4569362688011692,160,0.03612398387376577
30,True,113.0,0.55,1.6078346805457968,0.45527095056554073,160,0.0359923289074258
30,True,113.0,0.56,1.6100028586712738,0.45527005579306273,160,0.03599225816945035
30,True,113.0,0.57,1.6125405812313294,0.45274936342637173,160,0.03579297994046675
30,True,113.0,0.58,1.6139396058896271,0.45203537538373534,160,0.035736534229545334
30,True,113.0,0.59,1.6155361971744284,0.45005311721968233,160,0.035579822961823555
30,True,113.0,0.6,1.6163296680755241,0.4495710152177602,160,0.03554170945205854
30,True,113.0,0.61,1.6160413768984117,0.4467098989498388,160,0.03531551835062873
30,True,113.0,0.62,1.6158849056055449,0.4462934067051007,160,0.03528259174759952
30,True,113.0,0.63,1.6141355479729824,0.44460932189422997,160,0.03514945315321838
30,True,113.0,0.64,1.6117641506829208,0.4436302265125421,160,0.03507204886690124
30,True,113.0,0.65,1.609511633992313,0.4418052274095693,160,0.034927770019572285
30,True,113.0,0.66,1.6066211906604075,0.442319180296161,160,0.03496840156286349
30,True,113.0,0.67,1.6043780539063583,0.44181884708738367,160,0.03492884674964456
30,True,113.0,0.68,1.6011320805636735,0.4423751100203492,160,0.034972823195796976
30,True,113.0,0.69,1.5992608279301623,0.4418062462655147,160,0.03492785056720716
30,True,113.0,0.7,1.596978370530291,0.4425089487285007,160,0.03498340407471831
30,True,113.0,0.71,1.5946994266751806,0.4418726150596747,160,0.03493309748108477
30,True,113.0,0.72,1.592865806914521,0.442147885867763,160,0.03495485954925763
30,True,113.0,0.73,1.5925889384841163,0.44096858007992334,160,0.03486162724057281
30,True,113.0,0.74,1.5922698027303712,0.4398057091002347,160,0.034769694217554624
30,True,113.0,0.75,1.5929772224844898,0.43785438084434547,160,0.03461542817377328
30,True,113.0,0.76,1.5947569222154527,0.43731648966379416,160,0.03457290414217681
30,True,113.0,0.77,1.5966147517900746,0.4350894966239053,160,0.034396844883692025
30,True,113.0,0.78,1.5974701731482006,0.4336712377038679,160,0.03428472167121281
30,True,113.0,0.79,1.599428944376329,0.43159375812031314,160,0.03412048248929953
30,True,113.0,0.8,1.600279970996742,0.4307111018721795,160,0.034050702385922504
30,True,113.0,0.81,1.6013146299689336,0.4290346137986589,160,0.033918164366361685
30,True,113.0,0.82,1.6007355105522536,0.4280506866337246,160,0.033840378094039066
30,True,113.0,0.83,1.600498739098113,0.426872492779632,160,0.03374723369143545
30,True,113.0,0.84,1.5990604977718443,0.4267939620006403,160,0.03374102528823442
30,True,113.0,0.85,1.5974421259566907,0.4266874063421658,160,0.03373260132377546
30,True,113.0,0.86,1.5944239586624156,0.4267614308129634,160,0.03373845347203319
30,True,113.0,0.87,1.5917682733178367,0.42703494393535685,160,0.03376007658295088
30,True,113.0,0.88,1.588434348368267,0.42750712306551386,160,0.033797405620823215
30,True,113.0,0.89,1.585936012875671,0.4280036383845013,160,0.033836658603352346
30,True,113.0,0.9,1.5835304032460042,0.42850182171054535,160,0.033876043453417784
30,True,113.0,0.91,1.581760826141813,0.4288376408541328,160,0.03390259228780837
30,True,113.0,0.92,1.5795548985167362,0.4289515570762868,160,0.03391159815591958
30,True,113.0,0.93,1.5795331411554465,0.42822402602678616,160,0.03385408177629671
30,True,113.0,0.94,1.5780870135901572,0.42780197861367725,160,0.033820715998646556
30,True,113.0,0.95,1.5783660695222828,0.4274260433588821,160,0.033790995707198845
30,True,113.0,0.96,1.5791281782774462,0.4253163927636083,160,0.03362421318349396
30,True,113.0,0.97,1.5811856636131782,0.4241521218114911,160,0.033532169482937385
30,True,113.0,0.98,1.5824956896283566,0.42223841618024827,160,0.03338087776879194
30,True,113.0,0.99,1.5848432489606763,0.4213465199730533,160,0.0333103671825119
30,True,113.0,1.0,1.5848189237661763,0.4197219427723917,160,0.03318193307779013
30,True,113.0,1.01,1.5861111720248118,0.41901907176456304,160,0.033126366245639215
30,True,113.0,1.02,1.5855078177174857,0.4182309061915556,160,0.03306405628603833
30,True,113.0,1.03,1.585561303575793,0.4183088675624936,160,0.03307021967358016
30,True,113.0,1.04,1.5834496828314535,0.4179836988540754,160,0.033044512830019745
30,True,113.0,1.05,1.5817587804556716,0.41900853782509406,160,0.033125533464602806
30,True,113.0,1.06,1.5785800282333153,0.41893386126505877,160,0.03311962976416436
30,True,113.0,1.07,1.5768971752488596,0.41958376499796185,160,0.033171009165559845
30,True,113.0,1.08,1.573861935949764,0.4199106854081074,160,0.03319685449330125
30,True,113.0,1.09,1.5715755448539304,0.420488562150228,160,0.033242539661099725
30,True,113.0,1.1,1.5713003204787857,0.4239635603669553,160,0.03351726239184677
30,True,113.0,1.11,1.5712270631163157,0.42059375123643705,160,0.033250855588535036
30,True,113.0,1.12,1.569778311656234,0.4213239863696758,160,0.03330858574474781
30,True,113.0,1.13,1.569734760980269,0.4202207480301301,160,0.033221367095873144
30,True,113.0,1.14,1.5692611688642464,0.4194207311109247,160,0.033158120205089146
30,True,113.0,1.15,1.5706302505972298,0.4190789282256414,160,0.03313109831438134
30,True,113.0,1.16,1.5691379855232037,0.41894469543091956,160,0.03312048628018106
30,True,113.0,1.17,1.57368707922284,0.41661560031974926,160,0.03293635514421953
30,True,113.0,1.18,1.572959054235106,0.41646663917484245,160,0.03292457873170024
30,True,113.0,1.19,1.5730086827230234,0.4148137470383437,160,0.03279390613475229
30,True,113.0,1.2,1.5730881985516187,0.4151170739201884,160,0.03281788623030694
30,True,113.0,1.21,1.5736276360347132,0.413589753216166,160,0.03269714092675087
30,True,113.0,1.22,1.5733962642837402,0.4131532949037948,160,0.032662635867480715
30,True,113.0,1.23,1.5736651647331494,0.41203704698794213,160,0.03257438872129295
30,True,113.0,1.24,1.5715129867172863,0.41280239368849,160,0.03263489469062861
30,True,113.0,1.25,1.5717079606960207,0.4119047597198635,160,0.03256393049447871
30,True,113.0,1.26,1.5706058772544245,0.4124776140946394,160,0.0326092186092758
30,True,113.0,1.27,1.5690274610538995,0.4121882391293119,160,0.03258634150956912
30,True,113.0,1.28,1.567985519661368,0.41250127278282345,160,0.03261108899280363
30,True,113.0,1.29,1.566668465155363,0.4127032367228906,160,0.03262705564419948
30,True,113.0,1.3,1.5662039874227176,0.4126505885501616,160,0.03262289344068774
30,True,113.0,1.31,1.5650505293098937,0.41279848915243256,160,0.03263458600994991
30,True,113.0,1.32,1.5652033213114391,0.41188254973770627,160,0.032562174641218494
30,True,113.0,1.33,1.56467528524189,0.4114137691827237,160,0.03252511428430493
30,True,113.0,1.34,1.5652752662413572,0.41053344908796396,160,0.03245551887006853
30,True,113.0,1.35,1.5654086160441918,0.4102673769887415,160,0.032434484023684394
30,True,113.0,1.36,1.56493091908999,0.40963780664845306,160,0.03238471211811943
30,True,113.0,1.37,1.5644220324811224,0.40974059561508364,160,0.03239283829944162
30,True,113.0,1.38,1.5656708385309601,0.4088307352796245,160,0.032320907524124226
30,True,113.0,1.39,1.5657844568823462,0.4089324311462592,160,0.03232894728830398
30,True,113.0,1.4,1.5658480824800554,0.40831164799641373,160,0.03227987007113985
30,True,113.0,1.41,1.5651492613770313,0.40943279226465346,160,0.03236850430797186
30,True,113.0,1.42,1.5680980540406808,0.4089738246607551,160,0.03233221973295814
30,True,113.0,1.43,1.5661479394402649,0.4079654240196861,160,0.03225249866246434
30,True,113.0,1.44,1.5656522194505078,0.4075991678778608,160,0.032223543572084505
30,True,113.0,1.45,1.5651998150939133,0.40753530898663687,160,0.032218495083456485
30,True,113.0,1.46,1.5643743225785116,0.40589353732193273,160,0.0320887016369967
30,True,113.0,1.47,1.563335449682301,0.4058563520747322,160,0.03208576188508395
30,True,113.0,1.48,1.5636134412501486,0.40547158845812886,160,0.032055343650353195
30,True,113.0,1.49,1.5636881739964772,0.40536205280294596,160,0.03204668409646877
30,True,113.0,1.5,1.5638050241706574,0.40538562581372456,160,0.032048547706602974
30,True,113.0,1.51,1.563705493820803,0.4043366574819331,160,0.03196561947855677
30,True,113.0,1.52,1.5643370674739294,0.40434911194119855,160,0.03196660409001438
30,True,113.0,1.53,1.5628261249751554,0.40435845277213095,160,0.03196734254753901
30,True,113.0,1.54,1.5638832502828055,0.40351520816768366,160,0.031900678208171475
30,True,113.0,1.55,1.5622808827521206,0.4025957626377072,160,0.03182798965669182
30,True,113.0,1.56,1.5627046633508488,0.4031343993032699,160,0.03187057262405323
30,True,113.0,1.57,1.5623754096670284,0.40230127136153115,160,0.03180470807709767
30,True,113.0,1.58,1.563155475791849,0.4013774826423875,160,0.03173167616636608
30,True,113.0,1.59,1.5619785103204917,0.40085350671978087,160,0.031690252232502956
30,True,113.0,1.6,1.5625085434905923,0.39939205901743485,160,0.03157471464698713
30,True,113.0,1.61,1.5638445970357489,0.39932668609140365,160,0.03156954646339792
30,True,113.0,1.62,1.5626450901112858,0.39943420814622466,160,0.031578046828196316
30,True,113.0,1.63,1.562681338374878,0.3990424169704692,160,0.03154707301613275
30,True,113.0,1.64,1.5607733439602085,0.3997959056314791,160,0.0316066415251303
30,True,113.0,1.65,1.5591767881501186,0.3982743877286579,160,0.03148635497328935
30,True,113.0,1.66,1.5624983297953827,0.39795740946031916,160,0.03146129564087119
30,True,113.0,1.67,1.5763844308148205,0.40101258509465737,160,0.031702828482280156
30,True,113.0,1.68,1.5603260083499602,0.39466070183849694,160,0.03120066801925631
30,True,113.0,1.69,1.5568639025073288,0.39687894234855486,160,0.03137603532950223
30,True,113.0,1.7,1.555854137514094,0.39497209418880863,160,0.03122528574607976
30,True,113.0,1.71,1.5546947187158753,0.39568005196586364,160,0.031281254722647846
30,True,113.0,1.72,1.5512687618220045,0.3933988623853904,160,0.031100910851424364
30,True,113.0,1.73,1.5579934978634984,0.3935598663563957,160,0.03111363933294208
30,True,113.0,1.74,1.5587168480813074,0.39267088752793516,160,0.03104335938570199
30,True,113.0,1.75,1.558041476811521,0.3946440640566712,160,0.031199352687111753
30,True,113.0,1.76,1.5554846416744108,0.3946934587066829,160,0.031203257677068347
30,True,113.0,1.77,1.5571959475746142,0.3948075704792494,160,0.031212279004797082
30,True,113.0,1.78,1.5573834504243462,0.39307216771100906,160,0.03107508336966206
30,True,113.0,1.79,1.558106204450291,0.39364657293303834,160,0.031120494089699743
30,True,113.0,1.8,1.5579889727642344,0.39624732082159286,160,0.03132610126339239
30,True,113.0,1.81,1.5603674572949768,0.3922634479706011,160,0.03101114846045133
30,True,113.0,1.82,1.558608886997805,0.3933750458312193,160,0.031099027987494428
30,True,113.0,1.83,1.5567628716561497,0.3932862788563368,160,0.03109201034195364
30,True,113.0,1.84,1.5603548150489834,0.3924713186724494,160,0.031027582082367788
30,True,113.0,1.85,1.5538493670692524,0.394350779843874,160,0.031176166534256537
30,True,113.0,1.86,1.5572027951922311,0.39382101973575256,160,0.031134285320377517
30,True,113.0,1.87,1.545751894627298,0.39729008660920845,160,0.03140853913726651
30,True,113.0,1.88,1.5575504080440294,0.3967399117505869,160,0.03136504399565138
30,True,113.0,1.89,1.5548362368110007,0.39399363656386754,160,0.031147931878860446
30,True,113.0,1.9,1.5605303766270624,0.39722511075076156,160,0.03140340234462609
30,True,113.0,1.91,1.5531620399354806,0.39430387385167265,160,0.031172458289974878
30,True,113.0,1.92,1.5604150594423651,0.39863563009326614,160,0.031514913689777026
30,True,113.0,1.93,1.5584795821249064,0.3964689617621024,160,0.03134362351826119
30,True,113.0,1.94,1.56161985199287,0.3951514092913372,160,0.031239461849651182
30,True,113.0,1.95,1.5573645003151164,0.3954982364038087,160,0.03126688094039392
30,True,113.0,1.96,1.5588017125523375,0.3972406652166097,160,0.03140463203312278
30,True,113.0,1.97,1.5568679081185777,0.3950319267925521,160,0.031230015928733954
30,True,113.0,1.98,1.5629384913850415,0.3949242916768789,160,0.03122150662569038
30,True,113.0,1.99,1.560507544947678,0.3923374984016037,160,0.031017002661043465
30,True,113.0,2.0,1.561818509296293,0.39387171877945193,160,0.03113829343170958
