kf_mgkg,frequency_thz,amplitude_db
75,0.0,-3.9299077803414653
75,0.005,-4.764439686872118
75,0.01,-4.994551901520218
75,0.015,-6.219753252779661
75,0.02,-5.27455746577795
75,0.025,-5.348921719123456
75,0.03,-5.20560841483745
75,0.035,-5.573656417934748
75,0.04,-5.232256206305497
75,0.045,-5.534138767788811
75,0.05,-6.0984630857740205
75,0.055,-4.709657510164952
75,0.06,-4.733792965567724
75,0.065,-4.214083464746114
75,0.07,-5.32538437775625
75,0.075,-5.6524391192776395
75,0.08,-5.774062473938445
75,0.085,-6.474206816736949
75,0.09,-4.800118183761001
75,0.095,-6.237619885289553
75,0.1,-6.3263543357794925
75,0.105,-5.68489225792156
75,0.11,-4.542706863593178
75,0.115,-5.43322048065926
75,0.12,-6.342094183568316
75,0.125,-6.1552276798220324
75,0.13,-5.2382132041942135
75,0.135,-5.823618947862632
75,0.14,-6.288643683233618
75,0.145,-5.93209050362261
75,0.15,-5.25499279845805
75,0.155,-4.383384091711209
75,0.16,-6.766060808354847
75,0.165,-6.345365687386108
75,0.17,-6.509471368817776
75,0.17500000000000002,-7.7478295292024
75,0.18,-6.666990697146168
75,0.185,-6.777175857804421
75,0.19,-5.183823276247841
75,0.195,-6.168250206773631
75,0.2,-7.344006717361271
75,0.20500000000000002,-5.633168864250892
75,0.21,-6.440263164059527
75,0.215,-7.555209393309895
75,0.22,-6.697607120428876
75,0.225,-6.727337728607721
75,0.23,-6.989607331429609
75,0.23500000000000001,-6.308484429934016
75,0.24,-8.16547683854181
75,0.245,-6.617333292939149
75,0.25,-5.618561611199688
75,0.255,-5.7806100045329085
75,0.26,-5.604865676929909
75,0.265,-5.62785726774341
75,0.27,-5.356707212437222
75,0.275,-7.548869819017691
75,0.28,-5.954881918371008
75,0.28500000000000003,-8.256825030786072
75,0.29,-7.244808268331473
75,0.295,-8.396223993029057
75,0.3,-5.925970720656407
75,0.305,-5.718141476270411
75,0.31,-7.067793274518516
75,0.315,-5.4091808152538015
75,0.32,-7.566545696379335
75,0.325,-6.8930990710286455
75,0.33,-6.933429295575573
75,0.335,-8.046379800676927
75,0.34,-6.767968713222114
75,0.34500000000000003,-5.478559910818399
75,0.35000000000000003,-8.15842285664876
75,0.355,-6.484538870277707
75,0.36,-7.475475672174345
75,0.365,-5.7831639088083895
75,0.37,-6.991108280566384
75,0.375,-6.861420135378271
75,0.38,-6.937396019795646
75,0.385,-7.346671946959941
75,0.39,-8.916785199520264
75,0.395,-6.382875083305894
75,0.4,-9.006109516736908
75,0.405,-7.55462602328509
75,0.41000000000000003,-7.25209294817293
75,0.41500000000000004,-8.67555855919366
75,0.42,-7.798527065997344
75,0.425,-6.875911317992572
75,0.43,-8.067923920039688
75,0.435,-8.955349177104917
75,0.44,-10.974394792233019
75,0.445,-9.155819341570778
75,0.45,-8.84575049222538
75,0.455,-8.83288514251006
75,0.46,-9.329658159124989
75,0.465,-8.072180419248586
75,0.47000000000000003,-9.074442620522102
75,0.47500000000000003,-8.67395635400702
75,0.48,-7.9469959535833805
75,0.485,-9.546857427738011
75,0.49,-9.053035022340225
75,0.495,-6.628359139935652
75,0.5,-7.988476975261599
75,0.505,-10.262362627876636
75,0.51,-9.088853048880576
75,0.515,-8.492111848149982
75,0.52,-7.8651228956563335
75,0.525,-9.052492967851775
75,0.53,-9.827824733304967
75,0.535,-10.107927955718441
75,0.54,-8.736105966825177
75,0.545,-9.153626911773392
75,0.55,-10.101378586403237
75,0.555,-9.82715705431154
75,0.56,-10.14261874609553
75,0.5650000000000001,-8.995825417687024
75,0.5700000000000001,-10.5873952089761
75,0.5750000000000001,-9.395377971377785
75,0.58,-9.073174984377317
75,0.585,-9.542954540734122
75,0.59,-11.059304959403221
75,0.595,-8.752295875111345
75,0.6,-11.050557785232703
75,0.605,-9.91276103106533
75,0.61,-11.298409304885904
75,0.615,-12.484388897757135
75,0.62,-10.373339512872416
75,0.625,-10.385829660728968
75,0.63,-10.877551840148966
75,0.635,-10.562349165927179
75,0.64,-11.693352737023682
75,0.645,-11.882530163515305
75,0.65,-11.321511332505652
75,0.655,-9.028609072487775
75,0.66,-10.366769296379658
75,0.665,-11.992218621461713
75,0.67,-10.833913435703016
75,0.675,-12.126990264948116
75,0.68,-12.194938716944863
75,0.685,-10.746741468033298
75,0.6900000000000001,-12.462134231810925
75,0.6950000000000001,-13.913706413605953
75,0.7000000000000001,-13.104222827586643
75,0.705,-12.021006426092455
75,0.71,-12.068697979287334
75,0.715,-10.83249496624606
75,0.72,-13.273293142126395
75,0.725,-11.630836753423209
75,0.73,-12.095295557179423
75,0.735,-12.8898275509316
75,0.74,-11.792129111746036
75,0.745,-12.308982882443146
75,0.75,-14.067592884445652
75,0.755,-11.796255226501344
75,0.76,-14.722362259981677
75,0.765,-13.24664031834327
75,0.77,-13.421992001744504
75,0.775,-13.001394970440284
75,0.78,-14.543386450799915
75,0.785,-13.787374275922337
75,0.79,-14.028231394419544
75,0.795,-12.700975417349857
75,0.8,-15.077252516096792
75,0.805,-14.086719912227213
75,0.81,-14.623100969627783
75,0.8150000000000001,-16.062067365423317
75,0.8200000000000001,-11.079712537923745
75,0.8250000000000001,-14.71893575275669
75,0.8300000000000001,-16.661468583667173
75,0.835,-13.030592417274232
75,0.84,-16.363210558031263
75,0.845,-14.60405862689114
75,0.85,-14.075921889666281
75,0.855,-16.17369269017925
75,0.86,-16.00856803062466
75,0.865,-16.274211465703942
75,0.87,-15.852153306564542
75,0.875,-17.958186384541683
75,0.88,-17.570864503182186
75,0.885,-16.234102785413246
75,0.89,-14.775092566426435
75,0.895,-15.442783011486892
75,0.9,-14.083042732437512
75,0.905,-15.603409338808394
75,0.91,-17.36383468722202
75,0.915,-16.963967623221162
75,0.92,-19.69926919800448
75,0.925,-18.370026457067482
75,0.93,-18.58528440962117
75,0.935,-16.93918327762502
75,0.9400000000000001,-16.54705753015665
75,0.9450000000000001,-18.35234391176904
75,0.9500000000000001,-18.526185222563736
75,0.9550000000000001,-19.999039603218172
75,0.96,-18.153046925548047
75,0.965,-17.76034108485982
75,0.97,-17.616387611916032
75,0.975,-19.48591235131928
75,0.98,-15.700202914747663
75,0.985,-16.956899031672705
75,0.99,-18.92899237724471
75,0.995,-19.685871962396813
75,1.0,-19.53327740639533
75,1.0050000000000001,-18.995748412940998
75,1.01,-19.381264473891704
75,1.0150000000000001,-18.797470785783897
75,1.02,-18.52448872426577
75,1.025,-17.79641088191174
75,1.03,-18.25448088009558
75,1.035,-20.23395758257365
75,1.04,-19.649238221202832
75,1.045,-20.934749433756757
75,1.05,-21.378930960814493
75,1.055,-17.834534682691803
75,1.06,-21.492010806044462
75,1.065,-17.998378059754646
75,1.07,-21.630695950704666
75,1.075,-20.883075193214577
75,1.08,-19.779110953284416
75,1.085,-21.529967551737897
75,1.09,-21.126471608896644
75,1.095,-22.238777075531324
75,1.1,-22.749905394857432
75,1.105,-22.43658676234726
75,1.11,-23.33182787315255
75,1.115,-20.003661888975888
75,1.12,-22.91353590211146
75,1.125,-20.16664616685915
75,1.1300000000000001,-27.114419129328517
75,1.135,-23.106804498586914
75,1.1400000000000001,-22.425437637178035
75,1.145,-23.915074648049636
75,1.1500000000000001,-21.91534260472657
75,1.155,-22.785194880261724
75,1.16,-24.37924899097726
75,1.165,-23.43083700807342
75,1.17,-19.851374853029185
75,1.175,-24.048861072584607
75,1.18,-24.140115941697115
75,1.185,-25.481147087039076
75,1.19,-24.73932330274352
75,1.195,-27.17921372046981
75,1.2,-25.609814491794356
75,1.205,-21.52177742953494
75,1.21,-23.920156480272123
75,1.215,-24.775575758462967
75,1.22,-24.19930435291767
75,1.225,-23.108922106633372
75,1.23,-25.370157926768957
75,1.235,-23.137592689809587
75,1.24,-24.94158254620993
75,1.245,-26.594631315224206
75,1.25,-24.223758869118672
75,1.2550000000000001,-31.109577685189585
75,1.26,-28.350450546572578
75,1.2650000000000001,-27.149980372899563
75,1.27,-29.28499562843809
75,1.2750000000000001,-28.215603614393427
75,1.28,-29.205429538911538
75,1.285,-29.419734942966823
75,1.29,-23.970301225039712
75,1.295,-27.64653671144955
75,1.3,-28.979311834704596
75,1.305,-26.858429340584674
75,1.31,-29.669496346131147
75,1.315,-27.957797697808765
75,1.32,-29.05495186937388
75,1.325,-27.072513129251202
75,1.33,-32.464187804881476
75,1.335,-28.922375081997163
75,1.34,-30.219905495572185
75,1.345,-32.61853128781408
75,1.35,-28.987129777973188
75,1.355,-32.53259472123479
75,1.36,-28.417591650029287
75,1.365,-30.533967758499017
75,1.37,-30.416403626148256
75,1.375,-31.690528129042566
75,1.3800000000000001,-30.452414725244257
75,1.385,-35.51341412774248
75,1.3900000000000001,-32.31583855868728
75,1.395,-33.76209045510527
75,1.4000000000000001,-32.36408190945795
75,1.405,-33.15669891204216
75,1.41,-32.18960962367378
75,1.415,-34.98627127712991
75,1.42,-30.42922713257072
75,1.425,-29.783632113976168
75,1.43,-34.511709575488865
75,1.435,-34.38186005483726
75,1.44,-34.05493747167157
75,1.445,-32.510630122803086
75,1.45,-31.580876663484325
75,1.455,-37.417626016560234
75,1.46,-36.5717100433806
75,1.465,-37.6115814307728
75,1.47,-37.93286479318301
75,1.475,-39.12621221450671
75,1.48,-35.68931505081122
75,1.485,-38.712135707707375
75,1.49,-34.04301361255674
75,1.495,-35.36519432492861
75,1.5,-39.17820293346273
75,1.5050000000000001,-39.41602130088554
75,1.51,-38.877619223802135
75,1.5150000000000001,-35.367087965565986
75,1.52,-39.796529696426674
75,1.5250000000000001,-41.24199992458236
75,1.53,-38.778852882958205
75,1.5350000000000001,-38.22402523682465
75,1.54,-40.404157909898174
75,1.545,-36.351407325532136
75,1.55,-39.1960946296949
75,1.555,-39.03605666489092
75,1.56,-41.765531102720345
75,1.565,-40.46183402575528
75,1.57,-40.93210714260762
75,1.575,-45.2273783165605
75,1.58,-40.57970752540131
75,1.585,-44.82894411967219
75,1.59,-41.68821247941803
75,1.595,-44.72865782428641
75,1.6,-38.23387133646841
75,1.605,-41.76070547924785
75,1.61,-40.9756142643507
75,1.615,-41.11600544579846
75,1.62,-45.74404370425657
75,1.625,-47.878207582146636
75,1.6300000000000001,-44.32338341679494
75,1.635,-42.176870861650464
75,1.6400000000000001,-44.018845698928025
75,1.645,-42.911033320492265
75,1.6500000000000001,-42.87097499311651
75,1.655,-47.937056199895366
75,1.6600000000000001,-44.67597185176895
75,1.665,-41.601995114690084
75,1.67,-46.91108544230959
75,1.675,-50.08943387145437
75,1.68,-46.7690418096459
75,1.685,-47.502476488001335
75,1.69,-45.997366936637334
75,1.695,-48.90039785006991
75,1.7,-47.188659970595396
75,1.705,-52.1201307283489
75,1.71,-46.177592596219924
75,1.715,-44.95485201133623
75,1.72,-45.8040373567887
75,1.725,-51.79863392294587
75,1.73,-48.328110464202744
75,1.735,-55.35297546410274
75,1.74,-48.93620414233746
75,1.745,-49.9173570880447
75,1.75,-52.10314282643138
75,1.7550000000000001,-49.61255658384677
75,1.76,-50.30436928428814
75,1.7650000000000001,-48.911762141113016
75,1.77,-50.860565647936276
75,1.7750000000000001,-50.90313238316804
75,1.78,-55.710683755955664
75,1.7850000000000001,-54.3455720475621
75,1.79,-53.18576504727351
75,1.795,-51.833336368961696
75,1.8,-52.73321822942634
75,1.805,-49.825719825860794
75,1.81,-55.081564062940785
75,1.815,-54.01556709361185
75,1.82,-53.2309684916386
75,1.825,-54.52252931820086
75,1.83,-53.23820272409977
75,1.835,-55.76490947346121
75,1.84,-51.77777328616701
75,1.845,-55.74763752096967
75,1.85,-52.93008457136547
75,1.855,-55.639475091083035
75,1.86,-52.62083855978546
75,1.865,-59.091282472083634
75,1.87,-55.21466932261088
75,1.875,-57.51476200060134
75,1.8800000000000001,-56.325769313392875
75,1.885,-54.48413198444719
75,1.8900000000000001,-59.79593516762019
75,1.895,-60.44267840628738
75,1.9000000000000001,-59.98330722472856
75,1.905,-57.48724009743284
75,1.9100000000000001,-62.41755462016545
75,1.915,-58.30697090273137
75,1.92,-61.58389425810561
75,1.925,-61.508501007514
75,1.93,-60.034381815671274
75,1.935,-58.60678569831703
75,1.94,-61.065299266977725
75,1.945,-60.99549982054882
75,1.95,-60.21994850122357
75,1.955,-60.95697123375574
75,1.96,-66.54675047366618
75,1.965,-61.74973424340273
75,1.97,-60.81310821810707
75,1.975,-58.75229013022788
75,1.98,-56.82556674947852
75,1.985,-60.13633530245996
75,1.99,-61.669150421415296
75,1.995,-64.2363661185393
75,2.0,-62.055433202787036
75,2.005,-60.69010441546535
75,2.0100000000000002,-59.78119507179012
75,2.015,-64.86234683948258
75,2.02,-62.510804407765285
75,2.025,-61.377805759711826
75,2.0300000000000002,-59.169858750256495
75,2.035,-63.035951497899106
75,2.04,-65.05453213698785
75,2.045,-65.58215448447488
75,2.05,-65.00021952788777
75,2.055,-65.86241338185594
75,2.06,-62.61755580464085
75,2.065,-62.22599544636182
75,2.07,-63.19549353399616
75,2.075,-62.27489579418299
75,2.08,-66.27920478263339
75,2.085,-64.49790314255199
75,2.09,-66.45202945414174
75,2.095,-65.61102278375483
75,2.1,-62.99471428800205
75,2.105,-66.10126285913938
75,2.11,-70.5847723635822
75,2.115,-66.9377517987944
75,2.12,-68.1789557207726
75,2.125,-70.2185528440658
75,2.13,-68.66545677447445
75,2.1350000000000002,-64.64793364088135
75,2.14,-63.07025079016975
75,2.145,-68.38485752702164
75,2.15,-64.95850678611401
75,2.1550000000000002,-64.67026101221506
75,2.16,-70.4114124345831
75,2.165,-67.85536791288047
75,2.17,-67.99864394595082
75,2.1750000000000003,-67.60455485451857
75,2.18,-71.99891455258255
75,2.185,-69.11754685406807
75,2.19,-65.83018230930696
75,2.195,-65.45046833748864
75,2.2,-64.17955126158395
75,2.205,-69.57598285537364
75,2.21,-64.30419264802329
75,2.215,-67.35400009308492
75,2.22,-72.4247261384304
75,2.225,-67.33578232055132
75,2.23,-70.17938114544222
75,2.235,-68.14186196351379
75,2.24,-69.77799570761528
75,2.245,-66.64307267001118
75,2.25,-69.09509942073818
75,2.255,-70.53047253429456
75,2.2600000000000002,-67.53214819300833
75,2.265,-69.38790904658396
75,2.27,-71.14940975282289
75,2.275,-67.02623595117173
75,2.2800000000000002,-71.32706535791354
75,2.285,-71.99228115063407
75,2.29,-71.83931601954826
75,2.295,-74.25550431083039
75,2.3000000000000003,-72.05191740064011
75,2.305,-66.0534636401608
75,2.31,-73.1211851169009
75,2.315,-70.88843468837675
75,2.32,-73.79772395844083
75,2.325,-72.62089470542129
75,2.33,-67.28752001686071
75,2.335,-68.94220520561862
75,2.34,-72.85569105597472
75,2.345,-71.35778919619297
75,2.35,-73.55976385880801
75,2.355,-73.52778236368172
75,2.36,-73.93679877841926
75,2.365,-73.96448554900469
75,2.37,-70.88695872500658
75,2.375,-70.25411542541035
75,2.38,-70.59801572052135
75,2.3850000000000002,-72.36260995611364
75,2.39,-75.50761552340505
75,2.395,-72.22500596367777
75,2.4,-74.51572631492368
75,2.4050000000000002,-69.8782730913772
75,2.41,-70.78172657920645
75,2.415,-70.3406900181835
75,2.42,-73.26139854616946
75,2.4250000000000003,-77.15318648142633
75,2.43,-69.94840268544402
75,2.435,-69.29387217014407
75,2.44,-76.47847747454023
75,2.445,-72.2621516446221
75,2.45,-69.52640337306839
75,2.455,-75.57663583520916
75,2.46,-68.09717976208401
75,2.465,-73.75825351283146
75,2.47,-75.74018683217221
75,2.475,-69.2782527985996
75,2.48,-72.1930151082532
75,2.485,-74.77030820948602
75,2.49,-70.71923026763176
75,2.495,-78.3586121255444
75,2.5,-68.29319961105897
75,2.505,-75.40280974773677
75,2.5100000000000002,-72.48362709882083
75,2.515,-74.37168294967893
75,2.52,-72.16236442774674
75,2.525,-70.9816521473203
75,2.5300000000000002,-75.6561357213101
75,2.535,-71.33327714947183
75,2.54,-74.30608533864512
75,2.545,-75.41937041400246
75,2.5500000000000003,-74.19839465796183
75,2.555,-76.36922500814528
75,2.56,-75.84147465929969
75,2.565,-71.10714566261377
75,2.57,-74.15725174292321
75,2.575,-70.64724302876301
75,2.58,-72.6319556007898
75,2.585,-76.68220232273882
75,2.59,-79.1283618444776
75,2.595,-75.82846352771858
75,2.6,-73.23545422305008
75,2.605,-73.97773407004648
75,2.61,-76.34133516560453
75,2.615,-71.25844445241164
75,2.62,-78.96729456493486
75,2.625,-77.65174806656381
75,2.63,-73.82258706360271
75,2.6350000000000002,-68.07902767382352
75,2.64,-73.08768293483172
75,2.645,-77.09964999713333
75,2.65,-72.65033465097297
75,2.6550000000000002,-72.4264282707828
75,2.66,-71.74047667754931
75,2.665,-75.57176405919041
75,2.67,-76.70821410488132
75,2.6750000000000003,-74.14781099279864
75,2.68,-73.33884681641821
75,2.685,-70.01358212766202
75,2.69,-68.64354166717602
75,2.695,-76.70082427561583
75,2.7,-76.13806299567958
75,2.705,-74.86198119282385
75,2.71,-75.42739124613702
75,2.715,-73.35581060106536
75,2.72,-73.38687556265492
75,2.725,-74.07190381038129
75,2.73,-70.98107452363368
75,2.735,-75.33470268064289
75,2.74,-77.94125583671367
75,2.745,-79.45083606036451
75,2.75,-77.95089385129143
75,2.755,-78.03520268050343
75,2.7600000000000002,-80.50658964613855
75,2.765,-73.15222369610404
75,2.77,-74.57310918456658
75,2.775,-76.37715023411873
75,2.7800000000000002,-77.77526175382796
75,2.785,-79.8315759941305
75,2.79,-77.93839434677619
75,2.795,-69.86987865582454
75,2.8000000000000003,-81.80239055060835
75,2.805,-74.93572492592375
75,2.81,-73.19986518791467
75,2.815,-75.02170091758755
75,2.82,-76.39285740498373
75,2.825,-73.22506613197221
75,2.83,-78.79415146053275
75,2.835,-73.92065295498101
75,2.84,-71.35864096316016
75,2.845,-78.7336624728762
75,2.85,-78.11607754206939
75,2.855,-75.30954475731305
75,2.86,-72.80007837642658
75,2.865,-71.7896870449818
75,2.87,-73.79259996091288
75,2.875,-77.87328060029716
75,2.88,-79.24989838968301
75,2.8850000000000002,-75.21616467091049
75,2.89,-74.78783648601055
75,2.895,-79.34152873845724
75,2.9,-75.88631344128383
75,2.9050000000000002,-75.1040020154593
75,2.91,-72.98766841037552
75,2.915,-79.19132194890146
75,2.92,-74.5434512886541
75,2.9250000000000003,-79.82717394100885
75,2.93,-77.61604764695139
75,2.935,-76.60038576127174
75,2.94,-71.7762193487052
75,2.945,-66.32777358412838
75,2.95,-75.71958958583545
75,2.955,-75.02345801499305
75,2.96,-73.49623836804453
75,2.965,-80.813676482173
75,2.97,-74.32455378497762
75,2.975,-80.54969827225592
75,2.98,-71.75078531617888
75,2.985,-72.36531344437402
75,2.99,-75.32022844251428
75,2.995,-79.41747427006358
75,3.0,-71.79896676210237
84,0.0,-3.870881968690412
84,0.005,-3.9869984766073134
84,0.01,-3.7281276198647477
84,0.015,-5.156753804614722
84,0.02,-3.871146668427838
84,0.025,-3.5446142510966583
84,0.03,-3.9790050453081096
84,0.035,-4.127552668531579
84,0.04,-4.8512156255932775
84,0.045,-3.865485850479468
84,0.05,-4.175878901490947
84,0.055,-4.327670509528884
84,0.06,-4.728877204823145
84,0.065,-3.8322526928349863
84,0.07,-3.6010817412630267
84,0.075,-4.195096335257211
84,0.08,-3.8848024228193663
84,0.085,-3.623788686599841
84,0.09,-3.472325551912535
84,0.095,-4.422404694828289
84,0.1,-4.753085313032697
84,0.105,-4.924575368136655
84,0.11,-4.662125656700499
84,0.115,-4.320244774309822
84,0.12,-4.080643339463608
84,0.125,-5.071287792089114
84,0.13,-4.698439433481323
84,0.135,-5.548837032306486
84,0.14,-3.9675134035546322
84,0.145,-5.190516476289888
84,0.15,-4.684241238424137
84,0.155,-5.504090381794034
84,0.16,-5.234529157170249
84,0.165,-5.558395317532102
84,0.17,-3.8250802807682183
84,0.17500000000000002,-4.85914779619506
84,0.18,-5.290042971509384
84,0.185,-5.9183939558469385
84,0.19,-5.705504441746374
84,0.195,-4.8485200217918
84,0.2,-4.044903715193036
84,0.20500000000000002,-6.4655441377919995
84,0.21,-6.114239685547592
84,0.215,-5.581972598958001
84,0.22,-5.979144811239244
84,0.225,-6.836135179183419
84,0.23,-5.557306632893735
84,0.23500000000000001,-5.01849740827113
84,0.24,-6.922051491586335
84,0.245,-5.535434879872006
84,0.25,-4.9705899547502534
84,0.255,-4.999710186767674
84,0.26,-6.185559964290251
84,0.265,-3.9978777035260338
84,0.27,-5.479345513307308
84,0.275,-6.658046145378549
84,0.28,-5.214119295189326
84,0.28500000000000003,-7.023982314546892
84,0.29,-5.380364790114164
84,0.295,-7.252067784586207
84,0.3,-5.563951024537413
84,0.305,-6.786344976252198
84,0.31,-5.368627299801524
84,0.315,-5.754950106843649
84,0.32,-6.060141573776444
84,0.325,-6.4512672542891005
84,0.33,-5.6064650305509725
84,0.335,-8.198999761070617
84,0.34,-6.288114938837244
84,0.34500000000000003,-6.360617532541687
84,0.35000000000000003,-6.284320599485866
84,0.355,-6.104142708310863
84,0.36,-3.571537717957265
84,0.365,-6.8583179130853695
84,0.37,-6.29403421645695
84,0.375,-6.947356555177514
84,0.38,-5.707116504055682
84,0.385,-9.072631251609984
84,0.39,-5.7050147304589105
84,0.395,-7.975548021169624
84,0.4,-9.516917023776044
84,0.405,-8.482361991919417
84,0.41000000000000003,-7.702735485020438
84,0.41500000000000004,-7.4222733513344945
84,0.42,-7.717966222508666
84,0.425,-6.964138246939424
84,0.43,-7.847160076095954
84,0.435,-7.944992576837185
84,0.44,-10.027736219444169
84,0.445,-7.5548422727542865
84,0.45,-7.116086289695428
84,0.455,-8.586883645240876
84,0.46,-10.095484455800063
84,0.465,-9.64500531935409
84,0.47000000000000003,-6.741927222997704
84,0.47500000000000003,-9.082379210725511
84,0.48,-9.22125971739443
84,0.485,-9.458345651439481
84,0.49,-8.028556274173585
84,0.495,-9.390773635573524
84,0.5,-9.760402171399395
84,0.505,-10.496776104580734
84,0.51,-9.152512294058026
84,0.515,-8.095710231681243
84,0.52,-9.363399354762416
84,0.525,-8.380767813221613
84,0.53,-9.199725268876064
84,0.535,-9.31509641957695
84,0.54,-9.36989597568246
84,0.545,-9.610481750792152
84,0.55,-8.650558226242069
84,0.555,-9.308985525875858
84,0.56,-10.535554445449707
84,0.5650000000000001,-9.873618152721816
84,0.5700000000000001,-10.186330435750135
84,0.5750000000000001,-9.675541552834824
84,0.58,-10.09859415409735
84,0.585,-9.9390363062152
84,0.59,-12.099466484608069
84,0.595,-10.168471037220682
84,0.6,-9.23806662414824
84,0.605,-12.273364544730965
84,0.61,-9.108530539081212
84,0.615,-10.653663733943375
84,0.62,-11.318291330950899
84,0.625,-13.211873936230429
84,0.63,-10.069725201187435
84,0.635,-12.49287438072285
84,0.64,-12.083152163194146
84,0.645,-10.989440042566981
84,0.65,-12.888772695975499
84,0.655,-12.957038145932987
84,0.66,-13.259546311526321
84,0.665,-12.174277861348987
84,0.67,-11.475097329743006
84,0.675,-11.800286403854637
84,0.68,-11.906332987019779
84,0.685,-12.898362022795276
84,0.6900000000000001,-12.444973178799609
84,0.6950000000000001,-13.53923008442517
84,0.7000000000000001,-10.478064818152468
84,0.705,-12.728056270810562
84,0.71,-15.407189625449874
84,0.715,-14.475305520461529
84,0.72,-11.395009057622282
84,0.725,-15.08291854608186
84,0.73,-14.088074660484839
84,0.735,-13.192435032338134
84,0.74,-15.139577487953364
84,0.745,-12.62760781203577
84,0.75,-11.998159509880212
84,0.755,-15.194939437530286
84,0.76,-12.915436954605953
84,0.765,-15.539035598229255
84,0.77,-15.804053324876339
84,0.775,-14.388505442175026
84,0.78,-14.527698623112222
84,0.785,-15.704031795516714
84,0.79,-14.029212448231954
84,0.795,-17.076718941867156
84,0.8,-16.43969762491314
84,0.805,-16.86048040043063
84,0.81,-14.659462684365328
84,0.8150000000000001,-14.734591435560692
84,0.8200000000000001,-15.044398312807994
84,0.8250000000000001,-17.706625761182387
84,0.8300000000000001,-16.006126057291976
84,0.835,-15.724493766522487
84,0.84,-18.56036570968034
84,0.845,-17.671505724682508
84,0.85,-15.897297702502884
84,0.855,-15.962002272656235
84,0.86,-16.69356075442148
84,0.865,-16.458520543618857
84,0.87,-16.890794406566304
84,0.875,-17.26747796835932
84,0.88,-17.759754143497105
84,0.885,-18.927758855246424
84,0.89,-18.24060499226796
84,0.895,-18.60315919666596
84,0.9,-15.082444121305507
84,0.905,-18.01035927701063
84,0.91,-18.52941236175042
84,0.915,-18.98385404731307
84,0.92,-18.978911260328253
84,0.925,-19.34915225724221
84,0.93,-18.382177399353136
84,0.935,-19.327750864647893
84,0.9400000000000001,-18.321906306600244
84,0.9450000000000001,-20.56597456238949
84,0.9500000000000001,-19.272281140107665
84,0.9550000000000001,-18.694351513129178
84,0.96,-21.69444947652188
84,0.965,-20.003424281199898
84,0.97,-20.052301159561857
84,0.975,-21.035072723660434
84,0.98,-21.415105017785955
84,0.985,-23.52392271135386
84,0.99,-19.41550063089323
84,0.995,-22.5507587038443
84,1.0,-23.160917473963618
84,1.0050000000000001,-20.60360991454215
84,1.01,-24.357902835830075
84,1.0150000000000001,-20.491358330302614
84,1.02,-21.42288175688597
84,1.025,-21.351882445144952
84,1.03,-22.630566548432732
84,1.035,-24.342247588428236
84,1.04,-25.503224911533614
84,1.045,-20.762150062771102
84,1.05,-23.773502921881153
84,1.055,-24.014829818691553
84,1.06,-21.077546068358405
84,1.065,-24.53814318672727
84,1.07,-24.12905879497264
84,1.075,-24.304438266731307
84,1.08,-24.33259571130052
84,1.085,-25.867026708391922
84,1.09,-25.32629427601332
84,1.095,-22.715417842110803
84,1.1,-23.684449505277897
84,1.105,-29.546175903661783
84,1.11,-28.185549092332597
84,1.115,-24.869556637524482
84,1.12,-25.73452198255873
84,1.125,-26.319367795596733
84,1.1300000000000001,-24.318807987825657
84,1.135,-28.867983660014517
84,1.1400000000000001,-24.4345186604279
84,1.145,-26.274058761440166
84,1.1500000000000001,-25.80927469296851
84,1.155,-26.453897544487987
84,1.16,-25.710692509833258
84,1.165,-27.616676871907284
84,1.17,-28.26524632593503
84,1.175,-26.36530802431763
84,1.18,-27.511248686847345
84,1.185,-29.96923800121559
84,1.19,-26.020083545142022
84,1.195,-26.42680904705649
84,1.2,-26.244057850144067
84,1.205,-28.614485070598317
84,1.21,-28.37113539941235
84,1.215,-29.7433252850229
84,1.22,-30.89461117446201
84,1.225,-29.410136757236312
84,1.23,-29.424419224861253
84,1.235,-30.986588448669124
84,1.24,-27.114537731504697
84,1.245,-32.94590585984663
84,1.25,-31.835783660521333
84,1.2550000000000001,-31.800247773533982
84,1.26,-28.763427752508193
84,1.2650000000000001,-31.517606615455684
84,1.27,-31.831880151228457
84,1.2750000000000001,-32.96563089683378
84,1.28,-32.968756717477355
84,1.285,-34.07611758875565
84,1.29,-30.397631418466112
84,1.295,-31.279194913000858
84,1.3,-30.83866303251517
84,1.305,-33.827181281925384
84,1.31,-28.66498710541009
84,1.315,-34.783957586443556
84,1.32,-36.8174436588658
84,1.325,-34.03055430499765
84,1.33,-33.50594385596033
84,1.335,-32.65304784357066
84,1.34,-35.90361878735406
84,1.345,-33.34967467506675
84,1.35,-31.63046559327171
84,1.355,-36.26037214184586
84,1.36,-36.28162095820518
84,1.365,-38.16947590518161
84,1.37,-35.00388782466713
84,1.375,-34.14008065483933
84,1.3800000000000001,-34.50898038229517
84,1.385,-34.60364989850231
84,1.3900000000000001,-33.79143991314089
84,1.395,-36.2731164643054
84,1.4000000000000001,-35.031443980571254
84,1.405,-38.617479594855965
84,1.41,-38.55454563672308
84,1.415,-36.94122438024733
84,1.42,-39.04836975466098
84,1.425,-36.78816723342914
84,1.43,-35.56770191908532
84,1.435,-37.52863036024579
84,1.44,-39.80340199564839
84,1.445,-40.04984631084615
84,1.45,-36.45461649036865
84,1.455,-40.595197778335354
84,1.46,-39.211980041754664
84,1.465,-40.072049635496484
84,1.47,-39.731029760740135
84,1.475,-38.050243839846424
84,1.48,-41.272109784387595
84,1.485,-43.10529912585846
84,1.49,-38.07021087745984
84,1.495,-40.563042295305394
84,1.5,-39.86369447802217
84,1.5050000000000001,-41.47456518124339
84,1.51,-40.22662831896034
84,1.5150000000000001,-39.54994473595729
84,1.52,-39.58957684711531
84,1.5250000000000001,-42.886895954160366
84,1.53,-43.27156749438517
84,1.5350000000000001,-42.10594201286271
84,1.54,-42.69517898470787
84,1.545,-42.25549413472794
84,1.55,-44.90706347710839
84,1.555,-48.20889366491077
84,1.56,-43.18672984494783
84,1.565,-42.7949179122544
84,1.57,-43.296869419429626
84,1.575,-41.59232116425625
84,1.58,-43.37523428996642
84,1.585,-45.99786727755178
84,1.59,-43.59885725165519
84,1.595,-45.90408512698129
84,1.6,-43.55833074657281
84,1.605,-45.76963181985495
84,1.61,-45.596199934775974
84,1.615,-46.2801816311044
84,1.62,-46.864009603992784
84,1.625,-50.14229705625473
84,1.6300000000000001,-47.35254650784464
84,1.635,-52.17377362827707
84,1.6400000000000001,-46.98353705057996
84,1.645,-46.25664259401006
84,1.6500000000000001,-44.409940043161306
84,1.655,-47.97011957451664
84,1.6600000000000001,-50.38140087283919
84,1.665,-52.36973239641107
84,1.67,-45.58143614937123
84,1.675,-52.557802298681146
84,1.68,-48.17074636560192
84,1.685,-54.834624051626
84,1.69,-50.56662342393539
84,1.695,-49.33898872645088
84,1.7,-50.308826648256584
84,1.705,-51.29935139464618
84,1.71,-53.13603052596129
84,1.715,-53.556224761690316
84,1.72,-49.91584464946369
84,1.725,-51.32897741084905
84,1.73,-52.794436516793766
84,1.735,-52.29292003487819
84,1.74,-54.86492740199292
84,1.745,-51.11397086074392
84,1.75,-50.86672004337288
84,1.7550000000000001,-55.31848098833567
84,1.76,-53.746477113633645
84,1.7650000000000001,-52.03327827927838
84,1.77,-55.78189675598158
84,1.7750000000000001,-50.465285663386865
84,1.78,-51.79305501597954
84,1.7850000000000001,-55.766275295627885
84,1.79,-53.37996685400544
84,1.795,-52.185794947809306
84,1.8,-58.52341413126114
84,1.805,-54.848261090837646
84,1.81,-56.69493667522699
84,1.815,-57.08636969191676
84,1.82,-55.362697547071235
84,1.825,-58.11408367975817
84,1.83,-60.31167231018071
84,1.835,-60.59890344132726
84,1.84,-57.84539259002667
84,1.845,-56.69010110079634
84,1.85,-58.31523627295089
84,1.855,-58.819860832683766
84,1.86,-58.78549551381521
84,1.865,-56.1672643878062
84,1.87,-58.02360941710142
84,1.875,-61.003811624699146
84,1.8800000000000001,-60.23714414827767
84,1.885,-57.215282847222795
84,1.8900000000000001,-61.309953280227646
84,1.895,-61.12360585734955
84,1.9000000000000001,-60.53199460303706
84,1.905,-63.0188361882433
84,1.9100000000000001,-58.92190642903055
84,1.915,-65.91571772263882
84,1.92,-58.12149991233329
84,1.925,-62.47829085861867
84,1.93,-64.49675389355383
84,1.935,-61.29800498667456
84,1.94,-65.91444708360955
84,1.945,-61.124579179002865
84,1.95,-60.79130718550157
84,1.955,-63.98904155270093
84,1.96,-63.76432077777304
84,1.965,-60.961424516816926
84,1.97,-64.7741707242523
84,1.975,-63.40426653849852
84,1.98,-62.85474475912649
84,1.985,-60.300399060876764
84,1.99,-65.13068287251423
84,1.995,-64.0916937677703
84,2.0,-61.777682592365366
84,2.005,-70.32068139442649
84,2.0100000000000002,-65.29567826629425
84,2.015,-69.20296053840113
84,2.02,-69.2167317183313
84,2.025,-60.70106405883415
84,2.0300000000000002,-64.85364508923215
84,2.035,-62.0899746650462
84,2.04,-66.20683426709971
84,2.045,-64.55986966830068
84,2.05,-66.95296300189953
84,2.055,-67.37052892963187
84,2.06,-66.42559563718157
84,2.065,-66.0996387104019
84,2.07,-62.97524069592711
84,2.075,-67.13898365769823
84,2.08,-65.93253347944126
84,2.085,-67.55552080635692
84,2.09,-66.74972933334428
84,2.095,-70.29663848257246
84,2.1,-64.78575624690535
84,2.105,-68.70449166625231
84,2.11,-67.50589301117284
84,2.115,-68.23328572677536
84,2.12,-65.51848247801028
84,2.125,-66.73146232847665
84,2.13,-68.05479112590771
84,2.1350000000000002,-67.78470367208126
84,2.14,-67.49595762754187
84,2.145,-66.61970601478295
84,2.15,-67.32300479353545
84,2.1550000000000002,-65.56394748570143
84,2.16,-64.86457682593175
84,2.165,-67.37546649464207
84,2.17,-72.13987761522591
84,2.1750000000000003,-64.83806365212251
84,2.18,-63.957439801750446
84,2.185,-70.13101542478384
84,2.19,-70.348305889438
84,2.195,-74.43878366873588
84,2.2,-67.63253202485721
84,2.205,-72.07495730512483
84,2.21,-65.23928052668484
84,2.215,-75.85156919514212
84,2.22,-69.6998353065632
84,2.225,-68.30499034553395
84,2.23,-71.03074062367426
84,2.235,-72.08056197991586
84,2.24,-69.58539500293757
84,2.245,-71.5806930402379
84,2.25,-71.20214865690801
84,2.255,-70.52421281159181
84,2.2600000000000002,-71.88317584403042
84,2.265,-71.13754855012652
84,2.27,-68.6796245827606
84,2.275,-71.6846426529499
84,2.2800000000000002,-70.36100462570232
84,2.285,-72.7343001582557
84,2.29,-68.61551923409658
84,2.295,-74.20325712312484
84,2.3000000000000003,-68.6247356578421
84,2.305,-78.72339377303436
84,2.31,-73.45319114838642
84,2.315,-75.23199555192517
84,2.32,-68.70041081797994
84,2.325,-70.6436039678048
84,2.33,-74.71535965271354
84,2.335,-72.89776031580242
84,2.34,-68.07914241562139
84,2.345,-71.71232754191705
84,2.35,-70.18205383790126
84,2.355,-75.53919360602616
84,2.36,-75.59063513609881
84,2.365,-70.31191594610657
84,2.37,-65.89418645975205
84,2.375,-73.27555384639355
84,2.38,-70.40634363452827
84,2.3850000000000002,-74.4264592008586
84,2.39,-68.78635863578373
84,2.395,-73.25575957452388
84,2.4,-73.25254869123313
84,2.4050000000000002,-77.09312559246494
84,2.41,-73.29296790372605
84,2.415,-71.76702553747599
84,2.42,-68.68942537563991
84,2.4250000000000003,-75.41560591893706
84,2.43,-69.80286101846791
84,2.435,-73.32097469203694
84,2.44,-73.21795968429258
84,2.445,-75.00054629604246
84,2.45,-77.03526908918437
84,2.455,-75.7923395012601
84,2.46,-68.31327617583602
84,2.465,-75.82285178864699
84,2.47,-73.85834494757913
84,2.475,-69.79552530731732
84,2.48,-78.41425141777702
84,2.485,-71.63080554271271
84,2.49,-74.22458888621601
84,2.495,-72.39294306696938
84,2.5,-70.60455590869961
84,2.505,-73.36981536707529
84,2.5100000000000002,-73.52274508305834
84,2.515,-71.06682102313819
84,2.52,-71.33286757234002
84,2.525,-75.03159049629194
84,2.5300000000000002,-73.62487942253942
84,2.535,-76.7922897013781
84,2.54,-69.66760847161211
84,2.545,-76.5008635721081
84,2.5500000000000003,-72.72780679012602
84,2.555,-68.49947652446352
84,2.56,-71.08887553344024
84,2.565,-74.1127276748324
84,2.57,-75.33941082211514
84,2.575,-75.08892790988865
84,2.58,-70.86427421286167
84,2.585,-72.47653591787298
84,2.59,-73.44935715872995
84,2.595,-66.25932470699176
84,2.6,-75.79048026448434
84,2.605,-74.86339266389666
84,2.61,-74.57334149745425
84,2.615,-72.95450115140093
84,2.62,-72.72336547441081
84,2.625,-74.37146826118037
84,2.63,-71.58227600434218
84,2.6350000000000002,-72.15957436548248
84,2.64,-74.54673088986813
84,2.645,-80.61471110158477
84,2.65,-71.5497062633353
84,2.6550000000000002,-76.48405308167192
84,2.66,-75.69246275671158
84,2.665,-74.30060851004664
84,2.67,-77.43045113656663
84,2.6750000000000003,-76.26246573877356
84,2.68,-73.83784549443075
84,2.685,-75.05474208132328
84,2.69,-73.22048025651314
84,2.695,-76.60608651134844
84,2.7,-74.8656581437975
84,2.705,-77.26892786474764
84,2.71,-75.0915326520434
84,2.715,-73.4866991545428
84,2.72,-75.04577510054445
84,2.725,-78.48634550607075
84,2.73,-74.95153755623055
84,2.735,-74.01123653059118
84,2.74,-71.20303103538014
84,2.745,-74.61666282400266
84,2.75,-75.71710472334048
84,2.755,-77.95076516704991
84,2.7600000000000002,-68.81962231774014
84,2.765,-77.38307897317134
84,2.77,-77.94022512069022
84,2.775,-75.13251963358731
84,2.7800000000000002,-80.0434171610766
84,2.785,-71.6259408442128
84,2.79,-74.26109723245506
84,2.795,-73.3963407219429
84,2.8000000000000003,-77.73481302549007
84,2.805,-76.39066732241614
84,2.81,-72.40939286085356
84,2.815,-72.30205664069237
84,2.82,-66.63430078356049
84,2.825,-71.786849203094
84,2.83,-80.66452371205867
84,2.835,-74.84140025953195
84,2.84,-76.21313266800269
84,2.845,-71.9218517407331
84,2.85,-75.47612110587434
84,2.855,-73.78939178056937
84,2.86,-76.23742516746192
84,2.865,-73.50393840733523
84,2.87,-70.99023683107049
84,2.875,-77.24062239018215
84,2.88,-81.55901057449141
84,2.8850000000000002,-78.59611778495636
84,2.89,-70.83385096438012
84,2.895,-74.908636976598
84,2.9,-76.51303750938365
84,2.9050000000000002,-78.57784096353099
84,2.91,-72.53890841122998
84,2.915,-74.88837349273392
84,2.92,-76.15028583121001
84,2.9250000000000003,-77.50150306773611
84,2.93,-76.37898925111766
84,2.935,-76.93026447914929
84,2.94,-74.26084472962576
84,2.945,-72.16754071090735
84,2.95,-82.100464917619
84,2.955,-80.60911682020354
84,2.96,-76.51394722992367
84,2.965,-76.02422360018763
84,2.97,-81.09585181851502
84,2.975,-78.29378642880899
84,2.98,-77.67798462621082
84,2.985,-77.86511396312105
84,2.99,-77.9880545464341
84,2.995,-76.87837481327503
84,3.0,-73.92923070639249
91,0.0,-2.674397545235289
91,0.005,-2.7916100968988773
91,0.01,-3.013761912504428
91,0.015,-3.6518330238767955
91,0.02,-3.543473110303123
91,0.025,-2.847587241409543
91,0.03,-3.2389947849034892
91,0.035,-2.84070716877496
91,0.04,-3.209119729092408
91,0.045,-3.3721814298451553
91,0.05,-3.1622327793853966
91,0.055,-4.474627507792944
91,0.06,-3.618847789078173
91,0.065,-3.9356197777038884
91,0.07,-3.030434506040214
91,0.075,-4.068464947735475
91,0.08,-3.5056448325396086
91,0.085,-3.9875341066275953
91,0.09,-3.4172754682188664
91,0.095,-3.2890299997030463
91,0.1,-3.959420946357584
91,0.105,-3.784608486718761
91,0.11,-3.775217488376393
91,0.115,-3.398893498421798
91,0.12,-4.208617723823367
91,0.125,-3.99339339818037
91,0.13,-4.366311782210011
91,0.135,-4.791817846900833
91,0.14,-4.025422128267157
91,0.145,-3.8884539836514014
91,0.15,-4.827231089377312
91,0.155,-3.1366026197434826
91,0.16,-4.879664174932713
91,0.165,-3.8266619122825962
91,0.17,-4.1456685504573025
91,0.17500000000000002,-5.743150730050624
91,0.18,-4.538615177163038
91,0.185,-5.755010946595053
91,0.19,-4.697822793083915
91,0.195,-4.1509633288983965
91,0.2,-3.299602150671431
91,0.20500000000000002,-4.161864984443327
91,0.21,-6.0021279324993575
91,0.215,-5.144462450812859
91,0.22,-3.7461235215477986
91,0.225,-4.833969197467243
91,0.23,-3.630606031557871
91,0.23500000000000001,-5.662809691673587
91,0.24,-5.587110269079313
91,0.245,-6.28367567276439
91,0.25,-5.56434075258268
91,0.255,-4.289025739971135
91,0.26,-6.128643556481658
91,0.265,-4.742242436597641
91,0.27,-5.108803254092947
91,0.275,-4.893414961807156
91,0.28,-5.825015106494292
91,0.28500000000000003,-5.651160738458501
91,0.29,-3.9321087911406574
91,0.295,-6.85315051703596
91,0.3,-5.213509982755187
91,0.305,-4.624114635240906
91,0.31,-5.594386076480001
91,0.315,-4.6269833821903825
91,0.32,-8.697620347156125
91,0.325,-6.459197021771749
91,0.33,-7.287951786997212
91,0.335,-6.701191376825194
91,0.34,-6.500928203052709
91,0.34500000000000003,-6.049127109349742
91,0.35000000000000003,-7.313597969124901
91,0.355,-5.839657989546776
91,0.36,-8.116605815939602
91,0.365,-5.902676368785863
91,0.37,-7.07857298149275
91,0.375,-8.548646834387805
91,0.38,-8.637098275019564
91,0.385,-8.741406496657081
91,0.39,-8.090054324208584
91,0.395,-7.141328689267971
91,0.4,-6.098431981251325
91,0.405,-6.676290333600379
91,0.41000000000000003,-8.754334349538238
91,0.41500000000000004,-9.761236284357764
91,0.42,-7.955619888020171
91,0.425,-9.117782560638986
91,0.43,-8.012546867160685
91,0.435,-8.593369607096287
91,0.44,-5.533395967548306
91,0.445,-9.78527683839972
91,0.45,-7.894671455669244
91,0.455,-6.473503161042904
91,0.46,-8.790211245508084
91,0.465,-9.253297410349616
91,0.47000000000000003,-6.905605447317006
91,0.47500000000000003,-10.784109897782617
91,0.48,-10.484077083492048
91,0.485,-10.098469577531022
91,0.49,-8.557127043628759
91,0.495,-8.272509701360505
91,0.5,-9.285273311913647
91,0.505,-7.0193618372617514
91,0.51,-9.563537634207178
91,0.515,-9.454274139700267
91,0.52,-9.869965222246051
91,0.525,-8.371671145736517
91,0.53,-9.74015039139507
91,0.535,-10.267585322544239
91,0.54,-8.17711118576935
91,0.545,-8.68999897900233
91,0.55,-9.090612114657192
91,0.555,-11.62003440123681
91,0.56,-11.522721401113996
91,0.5650000000000001,-10.74009964657347
91,0.5700000000000001,-10.86880680221226
91,0.5750000000000001,-11.164271758267336
91,0.58,-11.051115779027155
91,0.585,-10.20946030402893
91,0.59,-12.143770297856982
91,0.595,-10.873458344167437
91,0.6,-11.698580538353733
91,0.605,-11.911265149733731
91,0.61,-11.807179364169432
91,0.615,-10.78065722625044
91,0.62,-11.4113668208612
91,0.625,-12.729837029947667
91,0.63,-11.588577911738252
91,0.635,-11.928210863526566
91,0.64,-11.729965752051836
91,0.645,-12.624421372688452
91,0.65,-11.298402565901851
91,0.655,-12.126514690158102
91,0.66,-14.014016427294004
91,0.665,-14.306570171504685
91,0.67,-14.585123258377845
91,0.675,-12.606579638166465
91,0.68,-14.01392338153398
91,0.685,-13.745018969300713
91,0.6900000000000001,-13.547558740384002
91,0.6950000000000001,-12.141189590659588
91,0.7000000000000001,-11.131295252520077
91,0.705,-13.997978987591898
91,0.71,-11.61226515121392
91,0.715,-13.47588483566142
91,0.72,-12.819811532255379
91,0.725,-14.750645202309535
91,0.73,-16.06011049074302
91,0.735,-14.105209053383527
91,0.74,-13.25860204661953
91,0.745,-16.8966818053515
91,0.75,-15.2010995451593
91,0.755,-15.002036758501408
91,0.76,-14.679635722251982
91,0.765,-16.917809028637723
91,0.77,-16.412904242811692
91,0.775,-14.702863582440692
91,0.78,-13.748526872814667
91,0.785,-16.038525606779057
91,0.79,-15.08271420859824
91,0.795,-16.257082618838567
91,0.8,-16.077877794454352
91,0.805,-17.276395009574824
91,0.81,-17.231715945288574
91,0.8150000000000001,-17.834089240856834
91,0.8200000000000001,-17.12566758074242
91,0.8250000000000001,-15.985594384249689
91,0.8300000000000001,-17.3253933375108
91,0.835,-16.879301099985057
91,0.84,-18.72990064434052
91,0.845,-17.117329564562958
91,0.85,-22.366677296926103
91,0.855,-20.26147363072255
91,0.86,-18.994466232022692
91,0.865,-21.133591176610746
91,0.87,-18.1293812131619
91,0.875,-18.773328511458526
91,0.88,-20.445327730544
91,0.885,-19.26004477342495
91,0.89,-21.595400641891025
91,0.895,-20.95280666932475
91,0.9,-20.421419307657164
91,0.905,-22.257135343160407
91,0.91,-18.81538296127095
91,0.915,-21.317868198342882
91,0.92,-19.18537962054478
91,0.925,-20.965955750409037
91,0.93,-20.509302349121533
91,0.935,-22.3785942900304
91,0.9400000000000001,-21.718324749031087
91,0.9450000000000001,-22.056673886198045
91,0.9500000000000001,-21.31886388822996
91,0.9550000000000001,-19.89877456570394
91,0.96,-22.795709465175847
91,0.965,-22.415546069561895
91,0.97,-21.857274488320208
91,0.975,-21.327790920553248
91,0.98,-22.887522866029066
91,0.985,-23.458616137365308
91,0.99,-23.930577630779435
91,0.995,-23.268811001021533
91,1.0,-23.11640212114982
91,1.0050000000000001,-24.63669664886865
91,1.01,-24.279842567523797
91,1.0150000000000001,-22.92196620838527
91,1.02,-24.246718600903446
91,1.025,-25.23386572533579
91,1.03,-23.55145219070062
91,1.035,-23.731374278711257
91,1.04,-24.065853612860366
91,1.045,-24.17281179310222
91,1.05,-25.93181528574015
91,1.055,-25.235703470465868
91,1.06,-25.262837871353618
91,1.065,-25.741477302836937
91,1.07,-28.740018471343877
91,1.075,-26.338362863615714
91,1.08,-25.976864113448606
91,1.085,-25.954517961782507
91,1.09,-27.34517104341647
91,1.095,-27.041954873328645
91,1.1,-30.031192462655888
91,1.105,-29.760997192424085
91,1.11,-32.21312947235377
91,1.115,-28.23068848868741
91,1.12,-25.585186868162637
91,1.125,-25.5831501098254
91,1.1300000000000001,-30.217181942401552
91,1.135,-27.669257161218944
91,1.1400000000000001,-26.923055611590424
91,1.145,-29.55056338367139
91,1.1500000000000001,-32.344861647605605
91,1.155,-27.254405634602737
91,1.16,-30.243259482372448
91,1.165,-30.50128408629517
91,1.17,-27.388541210020094
91,1.175,-29.545879754813345
91,1.18,-29.15321296673052
91,1.185,-28.146940084990238
91,1.19,-31.13220329316203
91,1.195,-32.656891554195084
91,1.2,-30.03646696472443
91,1.205,-31.49738932812079
91,1.21,-30.50215066023346
91,1.215,-31.251815744107372
91,1.22,-33.333925051172585
91,1.225,-32.25877857176154
91,1.23,-33.05229459318674
91,1.235,-33.09525294932902
91,1.24,-32.98448891148352
91,1.245,-32.54890436673703
91,1.25,-32.98856388970203
91,1.2550000000000001,-35.637266264902436
91,1.26,-32.70155906859001
91,1.2650000000000001,-36.33094019273278
91,1.27,-30.48271965659901
91,1.2750000000000001,-35.6433847139648
91,1.28,-34.68269509776355
91,1.285,-32.553255213132005
91,1.29,-35.33908050051341
91,1.295,-37.3500172912499
91,1.3,-37.83987381491596
91,1.305,-35.164984291813354
91,1.31,-35.15716400409697
91,1.315,-34.66091230848515
91,1.32,-35.819597879331845
91,1.325,-37.31851073739748
91,1.33,-35.90384458679358
91,1.335,-34.457301534342704
91,1.34,-38.519379060286894
91,1.345,-31.198172736477034
91,1.35,-38.29672532192699
91,1.355,-35.62319648037296
91,1.36,-34.73380535928374
91,1.365,-36.63871338548827
91,1.37,-37.91631722881567
91,1.375,-37.39884775571079
91,1.3800000000000001,-36.54178392414826
91,1.385,-43.74095521068446
91,1.3900000000000001,-38.513003523945116
91,1.395,-40.25916283645011
91,1.4000000000000001,-40.99300854069254
91,1.405,-39.77952664976024
91,1.41,-39.892795797888446
91,1.415,-39.55448459055247
91,1.42,-41.7056362707759
91,1.425,-38.86691740285083
91,1.43,-44.86700230585622
91,1.435,-43.08552619624299
91,1.44,-43.76867803022698
91,1.445,-41.615666866240055
91,1.45,-42.94154073179937
91,1.455,-41.30375333132783
91,1.46,-43.9244673509775
91,1.465,-40.37790191735971
91,1.47,-41.59711443274323
91,1.475,-44.125454688895054
91,1.48,-46.52218567041886
91,1.485,-45.83422886264158
91,1.49,-46.73329054833574
91,1.495,-41.80970721173926
91,1.5,-42.930099254997046
91,1.5050000000000001,-46.917905867272545
91,1.51,-41.280987819022926
91,1.5150000000000001,-45.57109951654896
91,1.52,-49.46499875334297
91,1.5250000000000001,-43.441220433030665
91,1.53,-43.26087967904387
91,1.5350000000000001,-45.928201464280704
91,1.54,-47.864974523280445
91,1.545,-44.068801353922964
91,1.55,-47.59298518144389
91,1.555,-46.901957253370796
91,1.56,-46.20651733213497
91,1.565,-46.75118627207069
91,1.57,-48.446156811529946
91,1.575,-49.79827799049344
91,1.58,-46.58938738289238
91,1.585,-52.52267594943437
91,1.59,-47.865722755212914
91,1.595,-48.21668618019073
91,1.6,-47.953356978706495
91,1.605,-49.92205145386238
91,1.61,-49.0143134608932
91,1.615,-48.13088118336773
91,1.62,-51.953003674276395
91,1.625,-50.04337009186555
91,1.6300000000000001,-49.638300659370856
91,1.635,-53.09700668317177
91,1.6400000000000001,-52.72188874649905
91,1.645,-47.97136116322765
91,1.6500000000000001,-49.275167860566675
91,1.655,-53.039153605584495
91,1.6600000000000001,-50.36589517671857
91,1.665,-51.222378946828286
91,1.67,-49.46897183196987
91,1.675,-50.224060984911986
91,1.68,-57.60787909024779
91,1.685,-53.578282311613044
91,1.69,-50.44203252198415
91,1.695,-50.14988909802026
91,1.7,-54.92782989956576
91,1.705,-56.4100703111407
91,1.71,-53.62968669517654
91,1.715,-55.68884184120845
91,1.72,-54.649609883016055
91,1.725,-57.236520793237794
91,1.73,-53.51518391107703
91,1.735,-54.142862262153365
91,1.74,-54.60025264775586
91,1.745,-58.03375435792756
91,1.75,-59.48331528237975
91,1.7550000000000001,-58.87295193948661
91,1.76,-55.43415690800756
91,1.7650000000000001,-60.41932147125587
91,1.77,-55.54847527987922
91,1.7750000000000001,-53.4493900438851
91,1.78,-58.6761503806617
91,1.7850000000000001,-57.97799651909663
91,1.79,-55.74945966379799
91,1.795,-56.11232778280617
91,1.8,-59.55041771613179
91,1.805,-58.83862131071511
91,1.81,-58.42945599104431
91,1.815,-59.46399331233212
91,1.82,-57.89106817820234
91,1.825,-58.62850840397165
91,1.83,-56.76153302750052
91,1.835,-63.390076019604194
91,1.84,-57.43174140414047
91,1.845,-58.41999191919593
91,1.85,-60.65880076621295
91,1.855,-59.68313535143913
91,1.86,-58.68012112263866
91,1.865,-60.33399116705246
91,1.87,-61.71806573403123
91,1.875,-60.77061455449626
91,1.8800000000000001,-63.08736269053885
91,1.885,-64.6201561883645
91,1.8900000000000001,-63.87017976398234
91,1.895,-63.83824984955826
91,1.9000000000000001,-61.930621490120316
91,1.905,-60.795124291896286
91,1.9100000000000001,-62.18070483380452
91,1.915,-59.70114398218521
91,1.92,-63.27581553481198
91,1.925,-64.67809900676266
91,1.93,-65.04110154773524
91,1.935,-65.60457799171128
91,1.94,-64.45870539687083
91,1.945,-60.898867236559376
91,1.95,-67.3962103614101
91,1.955,-63.054420588489805
91,1.96,-64.47574160886172
91,1.965,-62.7285624719988
91,1.97,-65.81085029538636
91,1.975,-63.28044674062234
91,1.98,-66.18159710194206
91,1.985,-63.78772596528051
91,1.99,-69.77733321008785
91,1.995,-64.38918769372194
91,2.0,-63.96024994110146
91,2.005,-69.40694471885254
91,2.0100000000000002,-63.9958808066491
91,2.015,-68.6522236704895
91,2.02,-63.94068818543526
91,2.025,-66.33891299154202
91,2.0300000000000002,-64.88488949785759
91,2.035,-65.73053582383949
91,2.04,-69.46798393808106
91,2.045,-63.268054510991526
91,2.05,-64.14788520837907
91,2.055,-69.43797570995865
91,2.06,-65.88270771374908
91,2.065,-66.23637549339837
91,2.07,-68.9991131908453
91,2.075,-69.9573870358925
91,2.08,-64.65057729392525
91,2.085,-68.67997151088235
91,2.09,-65.7323194272448
91,2.095,-63.493930714402865
91,2.1,-66.91933957119063
91,2.105,-70.2474361303761
91,2.11,-65.93857172366901
91,2.115,-71.60318101622768
91,2.12,-70.60161389423283
91,2.125,-61.60195350492836
91,2.13,-70.52817020161693
91,2.1350000000000002,-67.89567705991982
91,2.14,-71.34097891792169
91,2.145,-69.19563936281334
91,2.15,-68.50977774661867
91,2.1550000000000002,-75.42188139767673
91,2.16,-70.73327349347488
91,2.165,-67.64741833304429
91,2.17,-67.22998821242314
91,2.1750000000000003,-68.58414971296678
91,2.18,-71.76459781120302
91,2.185,-68.59458726829953
91,2.19,-70.81898487116031
91,2.195,-71.57394245928799
91,2.2,-69.77055580746534
91,2.205,-64.28517247970277
91,2.21,-72.10851643490726
91,2.215,-67.42566656465613
91,2.22,-69.41252907407011
91,2.225,-73.74208525613047
91,2.23,-72.40226869695384
91,2.235,-70.63881540113218
91,2.24,-71.44504176376387
91,2.245,-69.68919216685107
91,2.25,-72.84713882942872
91,2.255,-72.96312023923532
91,2.2600000000000002,-68.00392335354874
91,2.265,-70.63200947513072
91,2.27,-72.72378499567613
91,2.275,-70.65364900738305
91,2.2800000000000002,-66.11216848355656
91,2.285,-72.2071253774045
91,2.29,-74.53257981394931
91,2.295,-68.49124937408138
91,2.3000000000000003,-65.94395233020275
91,2.305,-67.75801224093226
91,2.31,-74.30041741743716
91,2.315,-76.23971880229885
91,2.32,-67.87315037830398
91,2.325,-71.5716939608351
91,2.33,-69.87558249675519
91,2.335,-71.67635771896514
91,2.34,-66.95840984389926
91,2.345,-71.09768171384665
91,2.35,-72.13290676246187
91,2.355,-71.00073742767823
91,2.36,-74.48178209782327
91,2.365,-71.01789538974228
91,2.37,-71.70798025758313
91,2.375,-76.97502166639529
91,2.38,-74.50587890202597
91,2.3850000000000002,-74.84068296161588
91,2.39,-75.69925517458466
91,2.395,-70.73649295239345
91,2.4,-68.76478523036403
91,2.4050000000000002,-70.8922338863606
91,2.41,-75.63559888886071
91,2.415,-76.45578798553777
91,2.42,-69.78717877913621
91,2.4250000000000003,-72.67519360112742
91,2.43,-72.16108573779302
91,2.435,-75.34120845714816
91,2.44,-77.30465016163784
91,2.445,-66.14772545638456
91,2.45,-73.62594278791123
91,2.455,-72.5628294059268
91,2.46,-75.11629252383193
91,2.465,-68.05141856838019
91,2.47,-73.08350755263046
91,2.475,-72.59878406850653
91,2.48,-72.08082024348995
91,2.485,-72.26317278650124
91,2.49,-68.46479659258296
91,2.495,-77.16225368986426
91,2.5,-70.6261912559643
91,2.505,-74.00883753501479
91,2.5100000000000002,-73.46671492283267
91,2.515,-74.05941228005811
91,2.52,-71.27124580656097
91,2.525,-75.91811714810446
91,2.5300000000000002,-73.9361339336878
91,2.535,-70.97966909479453
91,2.54,-74.08214511130512
91,2.545,-73.85159279598159
91,2.5500000000000003,-71.55354616279035
91,2.555,-72.36282311619824
91,2.56,-73.54554753464016
91,2.565,-72.50818584694471
91,2.57,-75.10927477217294
91,2.575,-70.3568305200699
91,2.58,-75.7391509563583
91,2.585,-77.18255274591382
91,2.59,-71.61768384555515
91,2.595,-76.45317014238391
91,2.6,-75.49463478633146
91,2.605,-73.47834561926913
91,2.61,-70.94777240594428
91,2.615,-74.26870316049113
91,2.62,-74.20272374679134
91,2.625,-74.19214133481019
91,2.63,-71.98238547728018
91,2.6350000000000002,-74.48981113317906
91,2.64,-72.4257700038289
91,2.645,-69.32101453883286
91,2.65,-73.79104059495003
91,2.6550000000000002,-74.23763806704206
91,2.66,-75.84697017079306
91,2.665,-75.39522397413832
91,2.67,-76.79324150805212
91,2.6750000000000003,-76.43007598182109
91,2.68,-74.99973375023565
91,2.685,-72.43646166389883
91,2.69,-72.04535004737582
91,2.695,-74.6807537787395
91,2.7,-72.57579096436295
91,2.705,-77.22574131484178
91,2.71,-67.65155396561809
91,2.715,-66.51841596126793
91,2.72,-73.96150477160296
91,2.725,-72.20809975668905
91,2.73,-73.40621530086405
91,2.735,-71.48618627076755
91,2.74,-75.57717371710002
91,2.745,-78.17527199536731
91,2.75,-71.49868010096267
91,2.755,-77.02182571822028
91,2.7600000000000002,-72.88682712639198
91,2.765,-76.61577513247998
91,2.77,-76.21849508644203
91,2.775,-71.15863239146935
91,2.7800000000000002,-69.36231707675064
91,2.785,-74.54764307591915
91,2.79,-75.36962208841109
91,2.795,-73.3037309960042
91,2.8000000000000003,-75.8196467518052
91,2.805,-79.34009740253222
91,2.81,-74.36581942030622
91,2.815,-80.93117970145568
91,2.82,-73.12947826114954
91,2.825,-75.9254374056316
91,2.83,-73.92322428955053
91,2.835,-78.88265657204282
91,2.84,-76.79938980499946
91,2.845,-72.942577864848
91,2.85,-70.62406632775951
91,2.855,-72.22936203128354
91,2.86,-73.62585752085698
91,2.865,-78.14186379554177
91,2.87,-73.16846124502939
91,2.875,-74.52867053307756
91,2.88,-75.9254606495954
91,2.8850000000000002,-71.12358349649429
91,2.89,-77.3922043109698
91,2.895,-69.84530705720704
91,2.9,-77.13939723404468
91,2.9050000000000002,-77.2856517414236
91,2.91,-75.5986405724137
91,2.915,-79.3508089316566
91,2.92,-76.83738946665001
91,2.9250000000000003,-75.23511074435973
91,2.93,-80.68713920988077
91,2.935,-78.11810354706645
91,2.94,-79.89105485693868
91,2.945,-77.05611969738875
91,2.95,-72.2971455606036
91,2.955,-77.16989318350403
91,2.96,-76.48034137616962
91,2.965,-75.27817651901111
91,2.97,-79.44402068879529
91,2.975,-75.3997147975069
91,2.98,-77.76415972501523
91,2.985,-78.22466150152349
91,2.99,-81.58323089449839
91,2.995,-78.32082522760862
91,3.0,-73.23123693867706
99,0.0,-1.5462219476498005
99,0.005,-2.486085998592451
99,0.01,-2.303043121675423
99,0.015,-2.6420872826158894
99,0.02,-3.1003035957606406
99,0.025,-3.577955885988027
99,0.03,-1.4365403435788844
99,0.035,-3.160867126082581
99,0.04,-2.447138875002652
99,0.045,-1.6329502159357503
99,0.05,-2.9065707184475413
99,0.055,-2.8081926466977913
99,0.06,-2.5704049889291114
99,0.065,-3.0176610229214176
99,0.07,-2.66192670062555
99,0.075,-3.0925290634406606
99,0.08,-2.158975346925948
99,0.085,-2.6295781308660113
99,0.09,-3.799508070670493
99,0.095,-3.9492880254034186
99,0.1,-3.530991661663097
99,0.105,-3.5580413842347642
99,0.11,-3.6966966465527245
99,0.115,-2.5896124310662563
99,0.12,-3.786633951140968
99,0.125,-3.6527770069181407
99,0.13,-3.28148550559377
99,0.135,-4.8468234269609045
99,0.14,-3.1757651721266362
99,0.145,-3.119033927813149
99,0.15,-2.5765592784201883
99,0.155,-4.357563163488302
99,0.16,-4.036865613560014
99,0.165,-3.596414699297804
99,0.17,-4.085504802871974
99,0.17500000000000002,-4.94792289088546
99,0.18,-3.2424330902627863
99,0.185,-4.192075566740929
99,0.19,-3.7731364127939497
99,0.195,-4.9138941636712055
99,0.2,-3.4240046691487156
99,0.20500000000000002,-4.4864803974202285
99,0.21,-4.83592642252042
99,0.215,-3.7292115529997476
99,0.22,-3.5413471202529
99,0.225,-5.204842723773286
99,0.23,-3.7493234091683507
99,0.23500000000000001,-3.3147257022771677
99,0.24,-4.4590275102183945
99,0.245,-5.867785920767116
99,0.25,-4.344977453501729
99,0.255,-4.008435369204224
99,0.26,-5.774286120556961
99,0.265,-3.6432102747379718
99,0.27,-5.246122877249939
99,0.275,-5.255794586645867
99,0.28,-4.318086484053136
99,0.28500000000000003,-5.129331116864417
99,0.29,-4.329314908970351
99,0.295,-5.464770710761314
99,0.3,-5.201569526604379
99,0.305,-5.589780091832765
99,0.31,-5.483468209239147
99,0.315,-5.265199642202379
99,0.32,-5.42969718356744
99,0.325,-6.192570791254013
99,0.33,-5.192826630108854
99,0.335,-6.171523354223383
99,0.34,-5.1180960279115055
99,0.34500000000000003,-5.716706607074736
99,0.35000000000000003,-6.429132832594815
99,0.355,-7.091916359197324
99,0.36,-6.4869004824911185
99,0.365,-5.360027026633066
99,0.37,-6.5290953739760775
99,0.375,-5.906328901442619
99,0.38,-6.962681560094269
99,0.385,-7.265737739258818
99,0.39,-7.714197838962736
99,0.395,-8.968122771191076
99,0.4,-6.969411943334227
99,0.405,-7.323723229852205
99,0.41000000000000003,-7.5037592941178435
99,0.41500000000000004,-6.817565234183201
99,0.42,-8.589538175451771
99,0.425,-6.137646102495556
99,0.43,-9.258467206856606
99,0.435,-7.71839273058451
99,0.44,-9.213164446557013
99,0.445,-8.432507320914135
99,0.45,-7.14642964592621
99,0.455,-9.839714146994766
99,0.46,-8.311927293713397
99,0.465,-8.48939546915595
99,0.47000000000000003,-8.529073573073623
99,0.47500000000000003,-8.563585204514382
99,0.48,-8.126603188139859
99,0.485,-8.544716661928456
99,0.49,-8.774269293781243
99,0.495,-8.365055197113168
99,0.5,-8.709868482565888
99,0.505,-9.630743077735696
99,0.51,-10.875385054804307
99,0.515,-8.918550303091203
99,0.52,-10.211010521436208
99,0.525,-8.270343850874575
99,0.53,-10.680476556642038
99,0.535,-11.480149462520878
99,0.54,-9.154920078629583
99,0.545,-11.253029761132558
99,0.55,-12.177298301504695
99,0.555,-9.4701991842944
99,0.56,-12.398445090947718
99,0.5650000000000001,-9.568389391176149
99,0.5700000000000001,-12.13238637948325
99,0.5750000000000001,-10.798241839045522
99,0.58,-11.128344981255909
99,0.585,-13.475684875118375
99,0.59,-11.653274148697745
99,0.595,-12.23161457793102
99,0.6,-11.768590432052656
99,0.605,-11.457243258850731
99,0.61,-10.433311435414712
99,0.615,-12.584623192439105
99,0.62,-12.571365151118064
99,0.625,-10.18767499097884
99,0.63,-11.927335288908727
99,0.635,-12.025650476404413
99,0.64,-14.76214533592564
99,0.645,-14.762607593613776
99,0.65,-13.950602907074238
99,0.655,-13.68139691034038
99,0.66,-13.051708234045435
99,0.665,-10.606603803565715
99,0.67,-15.363324971109016
99,0.675,-14.540919746461354
99,0.68,-13.483188507670679
99,0.685,-14.052045838286118
99,0.6900000000000001,-13.205128254585375
99,0.6950000000000001,-15.018138567190467
99,0.7000000000000001,-15.896379379070869
99,0.705,-12.509879709818513
99,0.71,-14.625182180066266
99,0.715,-16.739504198154897
99,0.72,-15.883870623772294
99,0.725,-15.706094587799099
99,0.73,-17.597400647666888
99,0.735,-15.021566869616628
99,0.74,-15.941800198694686
99,0.745,-16.73885577503426
99,0.75,-17.259430427061265
99,0.755,-14.604881532592188
99,0.76,-16.89542620376896
99,0.765,-17.927890356286664
99,0.77,-19.681397361616646
99,0.775,-18.637895653239898
99,0.78,-16.61899989717012
99,0.785,-15.788414689341256
99,0.79,-19.29735829250955
99,0.795,-20.590635537127522
99,0.8,-18.142133533991164
99,0.805,-18.420931016852972
99,0.81,-17.439150472612567
99,0.8150000000000001,-19.625476290051324
99,0.8200000000000001,-18.756872025068848
99,0.8250000000000001,-21.46642611044598
99,0.8300000000000001,-20.85246346653392
99,0.835,-20.145295092806794
99,0.84,-20.197285412076464
99,0.845,-19.10849115494452
99,0.85,-18.385408405729812
99,0.855,-22.034805961233005
99,0.86,-18.13652430365955
99,0.865,-21.528280773392353
99,0.87,-21.283663640096464
99,0.875,-19.41353993763949
99,0.88,-24.30022000461389
99,0.885,-23.229735866690735
99,0.89,-22.58765680053611
99,0.895,-21.556732334314916
99,0.9,-20.394716018649984
99,0.905,-20.560098098717656
99,0.91,-23.47936537790486
99,0.915,-21.408658863242866
99,0.92,-23.197296063622378
99,0.925,-20.77659615182394
99,0.93,-23.393368694055198
99,0.935,-21.745162530851562
99,0.9400000000000001,-24.825974919740165
99,0.9450000000000001,-22.52275015591057
99,0.9500000000000001,-25.70064653516803
99,0.9550000000000001,-23.84440080162068
99,0.96,-26.46224520368927
99,0.965,-24.595897489808735
99,0.97,-25.704388564720915
99,0.975,-26.173563127280666
99,0.98,-24.65428601610475
99,0.985,-24.078100592149404
99,0.99,-25.232636870881457
99,0.995,-25.158561085326248
99,1.0,-24.76825886595459
99,1.0050000000000001,-24.254305616691997
99,1.01,-24.742413933126166
99,1.0150000000000001,-25.833409835182195
99,1.02,-23.726479214056337
99,1.025,-27.570543371068663
99,1.03,-25.871027583363407
99,1.035,-28.92060646584451
99,1.04,-23.945578137630903
99,1.045,-28.030203020087725
99,1.05,-27.64331453531529
99,1.055,-26.04184227935583
99,1.06,-28.58226814896267
99,1.065,-29.764539846521647
99,1.07,-31.487968497713393
99,1.075,-29.341886220465216
99,1.08,-26.079559442666042
99,1.085,-29.10939615422038
99,1.09,-26.96109443649854
99,1.095,-28.5372990296299
99,1.1,-30.68785391546591
99,1.105,-32.375415499533126
99,1.11,-30.733450803988255
99,1.115,-29.70792850032426
99,1.12,-31.208725892507903
99,1.125,-30.824719334128147
99,1.1300000000000001,-30.415118287511344
99,1.135,-32.08905964161562
99,1.1400000000000001,-33.99957305798544
99,1.145,-32.47963725201295
99,1.1500000000000001,-31.298621939666305
99,1.155,-33.69898892666363
99,1.16,-34.28980462701056
99,1.165,-34.429469908041874
99,1.17,-33.44455457540308
99,1.175,-33.49279923646456
99,1.18,-33.60684067224568
99,1.185,-35.75748963706316
99,1.19,-33.9134148547703
99,1.195,-35.18816973424829
99,1.2,-35.917935674070016
99,1.205,-37.59797958415955
99,1.21,-36.640699533358585
99,1.215,-36.063544258767585
99,1.22,-35.06371995631251
99,1.225,-34.853422474876346
99,1.23,-35.686290526531565
99,1.235,-35.582806516064736
99,1.24,-38.02797226741057
99,1.245,-35.09103035039553
99,1.25,-35.279635863443964
99,1.2550000000000001,-35.71432155203467
99,1.26,-37.879308817698735
99,1.2650000000000001,-37.42004360560904
99,1.27,-38.2761952293234
99,1.2750000000000001,-39.915312963670665
99,1.28,-38.50893455333086
99,1.285,-40.75028981204173
99,1.29,-41.34839618189051
99,1.295,-37.66573641363232
99,1.3,-37.89793078392966
99,1.305,-37.63221486886783
99,1.31,-40.00848055741622
99,1.315,-39.43980273723552
99,1.32,-38.80005432117718
99,1.325,-40.561977321428316
99,1.33,-43.62832270748644
99,1.335,-36.526627767180564
99,1.34,-38.454939815319236
99,1.345,-38.64377365286898
99,1.35,-40.86541765168241
99,1.355,-42.62064917961956
99,1.36,-41.31321071636057
99,1.365,-41.171504873868145
99,1.37,-44.27780006698585
99,1.375,-42.937561721779964
99,1.3800000000000001,-41.34716954024723
99,1.385,-39.900917687013205
99,1.3900000000000001,-41.693700272063076
99,1.395,-43.69367919089358
99,1.4000000000000001,-45.47069860059679
99,1.405,-39.82493493401118
99,1.41,-43.42123800809893
99,1.415,-42.49561655926751
99,1.42,-44.0228623987146
99,1.425,-46.69703549863015
99,1.43,-40.634242482534106
99,1.435,-43.54536492037969
99,1.44,-42.768764232664466
99,1.445,-46.61367367205423
99,1.45,-45.47085542369973
99,1.455,-43.16511774066466
99,1.46,-46.507252188855574
99,1.465,-47.40093423641227
99,1.47,-48.37042654439354
99,1.475,-49.02155707485703
99,1.48,-45.24276305152186
99,1.485,-47.096213449331366
99,1.49,-50.53071746522057
99,1.495,-44.62143264071871
99,1.5,-45.29434384023511
99,1.5050000000000001,-45.74043825027505
99,1.51,-51.546143888012764
99,1.5150000000000001,-48.13711060989399
99,1.52,-46.132924149479464
99,1.5250000000000001,-50.72125128596602
99,1.53,-50.50954881486595
99,1.5350000000000001,-49.68172331906006
99,1.54,-53.263540710635965
99,1.545,-49.271292048758845
99,1.55,-48.02769858615392
99,1.555,-48.867447186366924
99,1.56,-47.50963061561562
99,1.565,-50.397253636650646
99,1.57,-50.85884555391585
99,1.575,-51.386662872267195
99,1.58,-52.594284355144346
99,1.585,-53.540626799248024
99,1.59,-53.1317158471211
99,1.595,-52.088301501069175
99,1.6,-53.194485743395006
99,1.605,-52.16759768087279
99,1.61,-52.44490878736494
99,1.615,-51.57624337863838
99,1.62,-54.05200922107475
99,1.625,-57.31942529666636
99,1.6300000000000001,-55.378972152361804
99,1.635,-49.956680217651346
99,1.6400000000000001,-52.455265719572886
99,1.645,-54.96315044759201
99,1.6500000000000001,-54.7845448362751
99,1.655,-54.77147132528789
99,1.6600000000000001,-55.75453665346771
99,1.665,-54.651045406561074
99,1.67,-53.891695677582305
99,1.675,-53.04328440928529
99,1.68,-56.424791275336965
99,1.685,-56.50116171320982
99,1.69,-56.80256911603851
99,1.695,-56.29443915709115
99,1.7,-54.42497152082976
99,1.705,-58.314689724365145
99,1.71,-52.52983706316231
99,1.715,-56.0885335623434
99,1.72,-55.169689323734644
99,1.725,-59.4831435894484
99,1.73,-58.62236488396121
99,1.735,-59.14138256650754
99,1.74,-58.182901223447054
99,1.745,-62.675323744352156
99,1.75,-57.67060770320312
99,1.7550000000000001,-62.37695164687753
99,1.76,-58.32592127798984
99,1.7650000000000001,-57.1937038614787
99,1.77,-59.62749697505508
99,1.7750000000000001,-60.06202285131192
99,1.78,-60.2561258913412
99,1.7850000000000001,-60.56284366754953
99,1.79,-59.744762698685115
99,1.795,-58.58004995281657
99,1.8,-59.314743194355835
99,1.805,-57.69946312674691
99,1.81,-60.84854539996593
99,1.815,-62.30974238742981
99,1.82,-62.40096151258856
99,1.825,-64.2196595124503
99,1.83,-62.59713808676385
99,1.835,-63.211531989914874
99,1.84,-58.321022505007726
99,1.845,-61.186648576337156
99,1.85,-58.634117420159065
99,1.855,-66.75085857604266
99,1.86,-62.184723771729566
99,1.865,-60.788788854973326
99,1.87,-62.47486127304968
99,1.875,-64.33974825402139
99,1.8800000000000001,-63.14269028380208
99,1.885,-63.45692363488388
99,1.8900000000000001,-63.55465069720147
99,1.895,-63.426321128535925
99,1.9000000000000001,-62.09890331821022
99,1.905,-63.82773860454063
99,1.9100000000000001,-63.844563228056614
99,1.915,-64.58829253422405
99,1.92,-63.774186769589036
99,1.925,-66.48410909382139
99,1.93,-63.79454887782886
99,1.935,-65.9189224866663
99,1.94,-63.46369482290081
99,1.945,-66.79184549653834
99,1.95,-65.75002444837862
99,1.955,-66.15490811969268
99,1.96,-68.15967171169608
99,1.965,-63.69979218376469
99,1.97,-65.33426929320254
99,1.975,-66.2146281878212
99,1.98,-63.667855222516444
99,1.985,-67.29099206001204
99,1.99,-66.72474940315783
99,1.995,-64.310853604588
99,2.0,-61.40692079610718
99,2.005,-66.84587832412494
99,2.0100000000000002,-63.48553610525806
99,2.015,-66.8703514286424
99,2.02,-69.19299143351599
99,2.025,-66.33904893046832
99,2.0300000000000002,-64.77399662399952
99,2.035,-67.25262255563364
99,2.04,-66.73738964143175
99,2.045,-70.39351081680014
99,2.05,-73.23622494696971
99,2.055,-67.58038777627927
99,2.06,-71.56388705606575
99,2.065,-68.55754472807293
99,2.07,-70.03332667710157
99,2.075,-68.29168707726248
99,2.08,-66.75304229947726
99,2.085,-72.7776575143871
99,2.09,-69.33453100130751
99,2.095,-69.43071411208076
99,2.1,-66.0308711787
99,2.105,-69.10841231089073
99,2.11,-71.26513085778643
99,2.115,-70.78624005554327
99,2.12,-65.25633972257067
99,2.125,-71.65785741133689
99,2.13,-69.52210566740993
99,2.1350000000000002,-69.07377364202357
99,2.14,-72.48923018072074
99,2.145,-71.77582080101452
99,2.15,-74.59578067139998
99,2.1550000000000002,-72.11970576115799
99,2.16,-68.44378014311081
99,2.165,-69.55551407732622
99,2.17,-74.65738403411456
99,2.1750000000000003,-66.72950783257906
99,2.18,-73.41739862755612
99,2.185,-72.56905116470206
99,2.19,-66.45060874370768
99,2.195,-69.24392246201612
99,2.2,-70.59552744953436
99,2.205,-66.83247707210849
99,2.21,-70.68136761057843
99,2.215,-69.69709488419241
99,2.22,-71.96880698280417
99,2.225,-70.92016613628884
99,2.23,-70.83726983905485
99,2.235,-68.00285225104902
99,2.24,-72.27954650002404
99,2.245,-71.2672106822539
99,2.25,-76.16472741173672
99,2.255,-75.07725485558669
99,2.2600000000000002,-69.16837164595451
99,2.265,-71.8892273776616
99,2.27,-71.81973724006221
99,2.275,-69.4848726200903
99,2.2800000000000002,-71.84834698212343
99,2.285,-70.81334806000837
99,2.29,-71.7864961753736
99,2.295,-76.15516719713042
99,2.3000000000000003,-69.61381671965857
99,2.305,-67.45321822705341
99,2.31,-68.24425118829036
99,2.315,-71.08045975221049
99,2.32,-70.60041796511113
99,2.325,-70.31656734983359
99,2.33,-67.50492409631357
99,2.335,-68.31893832613616
99,2.34,-72.24246673132852
99,2.345,-71.73541310038547
99,2.35,-71.93646093970975
99,2.355,-72.92219938249906
99,2.36,-73.05318724175709
99,2.365,-71.84517188781247
99,2.37,-77.70848887662552
99,2.375,-70.62134035550952
99,2.38,-72.77675893542674
99,2.3850000000000002,-74.75496325541664
99,2.39,-72.14524472569467
99,2.395,-73.62196321944445
99,2.4,-68.5987099962328
99,2.4050000000000002,-74.58392007851474
99,2.41,-71.57125183295044
99,2.415,-70.87371978676953
99,2.42,-73.95111323995016
99,2.4250000000000003,-75.00461818916371
99,2.43,-70.83387613998987
99,2.435,-72.8765522676796
99,2.44,-74.29938334246808
99,2.445,-75.62874337649306
99,2.45,-70.27837095230308
99,2.455,-67.95646333482996
99,2.46,-73.28285897510878
99,2.465,-70.52828476499005
99,2.47,-69.05204722086967
99,2.475,-69.30079040939788
99,2.48,-73.47565387622323
99,2.485,-70.54666989852927
99,2.49,-70.14588979845784
99,2.495,-65.24556433414023
99,2.5,-71.38532609079655
99,2.505,-69.17919239215368
99,2.5100000000000002,-69.77891875413975
99,2.515,-70.22414466591619
99,2.52,-74.5737002500699
99,2.525,-71.17904663444573
99,2.5300000000000002,-67.96436410753154
99,2.535,-72.94182676021327
99,2.54,-71.33019841210088
99,2.545,-74.05665371142034
99,2.5500000000000003,-71.2594892704956
99,2.555,-71.06340835555204
99,2.56,-70.1491960835395
99,2.565,-73.07834559931632
99,2.57,-73.18154963391356
99,2.575,-73.57391921092939
99,2.58,-71.35358288146722
99,2.585,-71.62439506494319
99,2.59,-66.07820885445653
99,2.595,-73.83941473851146
99,2.6,-70.31185339816464
99,2.605,-73.65815372179875
99,2.61,-73.47934884995199
99,2.615,-69.32278083995816
99,2.62,-71.11896171376951
99,2.625,-70.8449186723553
99,2.63,-75.941170298699
99,2.6350000000000002,-65.29581445544144
99,2.64,-66.70486836716131
99,2.645,-74.32386236038123
99,2.65,-76.05963726095152
99,2.6550000000000002,-74.40039307515029
99,2.66,-71.8154212752721
99,2.665,-75.04465059955413
99,2.67,-71.7686444693282
99,2.6750000000000003,-74.35939892327146
99,2.68,-65.0142386412493
99,2.685,-73.25742113150737
99,2.69,-73.91149265127108
99,2.695,-67.15269518029748
99,2.7,-71.80652653584437
99,2.705,-72.73307945763283
99,2.71,-72.90109087948535
99,2.715,-71.26057907189835
99,2.72,-74.05887371198558
99,2.725,-72.58330173341307
99,2.73,-74.46326628880736
99,2.735,-76.73602750782426
99,2.74,-73.91715203664019
99,2.745,-72.58754811418797
99,2.75,-68.63460476097595
99,2.755,-72.50886701282325
99,2.7600000000000002,-74.14815271395906
99,2.765,-72.87109967120946
99,2.77,-71.59468129647341
99,2.775,-79.66313781415909
99,2.7800000000000002,-74.54059610290597
99,2.785,-79.5042233163783
99,2.79,-78.40041127890488
99,2.795,-75.58616662311907
99,2.8000000000000003,-73.91629052496505
99,2.805,-73.4614968738661
99,2.81,-73.27626896462232
99,2.815,-69.9382232444062
99,2.82,-72.44803740887215
99,2.825,-72.67239635341836
99,2.83,-74.73591533334634
99,2.835,-68.3093444902586
99,2.84,-70.1996154841199
99,2.845,-75.64947845248263
99,2.85,-75.69228771055452
99,2.855,-71.83888512215492
99,2.86,-71.24535743302428
99,2.865,-75.10590367649047
99,2.87,-70.98108683465593
99,2.875,-77.7375914595974
99,2.88,-74.80777950283421
99,2.8850000000000002,-71.45020830265867
99,2.89,-76.13213282048356
99,2.895,-74.09149933351276
99,2.9,-74.62251367056221
99,2.9050000000000002,-75.40215754793965
99,2.91,-80.190794074233
99,2.915,-75.71893273291802
99,2.92,-74.30834116283995
99,2.9250000000000003,-74.29833666825287
99,2.93,-72.70800022719294
99,2.935,-72.25215675095934
99,2.94,-76.1208333367208
99,2.945,-75.79097359440946
99,2.95,-70.21520405790898
99,2.955,-72.64111694574
99,2.96,-75.26648126710957
99,2.965,-76.03816954203337
99,2.97,-72.29956830912957
99,2.975,-72.35114069632142
99,2.98,-75.86744249039634
99,2.985,-74.31199508725797
99,2.99,-75.63891902340873
99,2.995,-75.93912274002503
99,3.0,-70.28877275890393
113,0.0,-2.1944222853610023
113,0.005,-1.0497857131609947
113,0.01,-2.1647754640687533
113,0.015,-2.0035900498351342
113,0.02,-1.1296021675918462
113,0.025,-2.478171836183386
113,0.03,-2.3076464405874075
113,0.035,-2.482309396188144
113,0.04,-2.2037718668889643
113,0.045,-1.6994303622563391
113,0.05,-1.2115193381703295
113,0.055,-2.4025174004385583
113,0.06,-1.4673116533987605
113,0.065,-2.875424076768889
113,0.07,-0.790822231227855
113,0.075,-2.506600366617145
113,0.08,-2.590034002078483
113,0.085,-2.163209324779388
113,0.09,-2.337062793832971
113,0.095,-2.570105935142357
113,0.1,-3.647909678945074
113,0.105,-2.013490489127665
113,0.11,-2.164655779175631
113,0.115,-2.977443360573978
113,0.12,-3.569698125105453
113,0.125,-2.655990451547019
113,0.13,-2.1287150636647105
113,0.135,-4.176386520813808
113,0.14,-3.8156233385375296
113,0.145,-3.0364081499176385
113,0.15,-3.7413265263830326
113,0.155,-3.4804880081281406
113,0.16,-3.3763585755829366
113,0.165,-2.8118006628857697
113,0.17,-2.8765208828920934
113,0.17500000000000002,-2.7948656744354974
113,0.18,-2.91939521745002
113,0.185,-4.117384877203078
113,0.19,-5.505195471136648
113,0.195,-3.5678209246344164
113,0.2,-3.5401931782554574
113,0.20500000000000002,-3.6157446412128813
113,0.21,-4.53768120892871
113,0.215,-2.64670963196993
113,0.22,-5.463751539399025
113,0.225,-3.6394608235237613
113,0.23,-3.857371621475365
113,0.23500000000000001,-3.7050035072232674
113,0.24,-3.411192687219687
113,0.245,-4.196623798509257
113,0.25,-4.403044109568313
113,0.255,-4.980317214668338
113,0.26,-4.224635025425925
113,0.265,-4.6109710628838005
113,0.27,-4.365209372402287
113,0.275,-6.0233730600234106
113,0.28,-6.429850947462494
113,0.28500000000000003,-5.228290468003831
113,0.29,-4.9361518323963365
113,0.295,-6.726597181799193
113,0.3,-6.396608626390771
113,0.305,-5.937794628407754
113,0.31,-5.497024880263314
113,0.315,-5.566766752310234
113,0.32,-5.0938833958020595
113,0.325,-6.169552543949031
113,0.33,-5.765225479102471
113,0.335,-5.126743983639633
113,0.34,-6.560886296964847
113,0.34500000000000003,-4.46494913463768
113,0.35000000000000003,-6.847339283141572
113,0.355,-6.521627108103267
113,0.36,-8.393224506310316
113,0.365,-6.916254443225662
113,0.37,-7.4199358466191185
113,0.375,-7.625133600516013
113,0.38,-6.903721521860353
113,0.385,-8.262005665032374
113,0.39,-7.183869351548596
113,0.395,-9.30428938046079
113,0.4,-8.063784055127417
113,0.405,-6.486762160222031
113,0.41000000000000003,-7.72266392277558
113,0.41500000000000004,-7.401390476912596
113,0.42,-8.917383648643156
113,0.425,-9.412499848603797
113,0.43,-7.021696474288046
113,0.435,-7.482772602646055
113,0.44,-7.75040713981704
113,0.445,-8.686651025700908
113,0.45,-7.693926519255852
113,0.455,-9.334253059131846
113,0.46,-8.398661733323262
113,0.465,-8.556012402069836
113,0.47000000000000003,-10.1789230993836
113,0.47500000000000003,-8.068480044966298
113,0.48,-9.450879740185997
113,0.485,-8.911149566368932
113,0.49,-11.312910952689784
113,0.495,-11.148635435396775
113,0.5,-10.530216085614468
113,0.505,-9.739498936114707
113,0.51,-9.226244904440048
113,0.515,-10.148206545262493
113,0.52,-10.788750761322476
113,0.525,-10.221792035605493
113,0.53,-11.176739326532811
113,0.535,-10.921131501104355
113,0.54,-10.826408964531018
113,0.545,-12.085440401129274
113,0.55,-11.107560629122958
113,0.555,-13.177492788884807
113,0.56,-12.676431461703396
113,0.5650000000000001,-11.286811710975703
113,0.5700000000000001,-12.807445927113184
113,0.5750000000000001,-11.77270817251214
113,0.58,-12.196760939610908
113,0.585,-12.8000249264899
113,0.59,-11.134726576081858
113,0.595,-12.393970012190426
113,0.6,-13.688433421164849
113,0.605,-13.774111718923308
113,0.61,-13.252083313522219
113,0.615,-15.162303120971726
113,0.62,-12.458352129102984
113,0.625,-13.952203723423727
113,0.63,-15.922703871538204
113,0.635,-15.297044433131848
113,0.64,-12.818218516438623
113,0.645,-14.297601029139974
113,0.65,-12.305706464009376
113,0.655,-14.86375943551998
113,0.66,-14.538516910308928
113,0.665,-13.038035410455606
113,0.67,-13.000830640768417
113,0.675,-16.642469281527724
113,0.68,-14.758827444891358
113,0.685,-17.140739638951647
113,0.6900000000000001,-16.65518444253931
113,0.6950000000000001,-18.30827601243803
113,0.7000000000000001,-15.810304122249068
113,0.705,-17.84245770530882
113,0.71,-17.75508398610917
113,0.715,-14.790990292861249
113,0.72,-16.180064649866416
113,0.725,-17.60209096223924
113,0.73,-19.712302097603455
113,0.735,-17.407936380635043
113,0.74,-20.700819520815415
113,0.745,-19.24340829429729
113,0.75,-17.55946954343947
113,0.755,-17.58081024379132
113,0.76,-18.564349068715885
113,0.765,-17.95504618759963
113,0.77,-18.903505358153293
113,0.775,-20.276951959386974
113,0.78,-19.497934177515972
113,0.785,-17.609176187171
113,0.79,-19.98484283042849
113,0.795,-19.75301824257884
113,0.8,-19.650087302693347
113,0.805,-22.2527370833321
113,0.81,-22.01323159349738
113,0.8150000000000001,-22.90326383493136
113,0.8200000000000001,-20.701536100341368
113,0.8250000000000001,-21.812304169680182
113,0.8300000000000001,-23.131233183335265
113,0.835,-23.379034684356043
113,0.84,-21.06215990059351
113,0.845,-21.141678628321962
113,0.85,-21.883759233201868
113,0.855,-22.592349418122538
113,0.86,-22.19358784227229
113,0.865,-23.039023516579512
113,0.87,-22.811990770134084
113,0.875,-24.02414357889204
113,0.88,-25.04325768462954
113,0.885,-24.911226758125213
113,0.89,-23.815210461797584
113,0.895,-22.15916649897691
113,0.9,-25.729388649121173
113,0.905,-26.294481082379093
113,0.91,-24.082918155249626
113,0.915,-24.29647052518641
113,0.92,-26.461976788132407
113,0.925,-26.512971749151557
113,0.93,-26.7612459165246
113,0.935,-25.742691831715508
113,0.9400000000000001,-22.26068052984467
113,0.9450000000000001,-27.62766429295131
113,0.9500000000000001,-26.465283475770345
113,0.9550000000000001,-27.783521250159115
113,0.96,-27.135214494322373
113,0.965,-27.000983665673598
113,0.97,-27.416440167930613
113,0.975,-29.424253893512326
113,0.98,-29.64638191863416
113,0.985,-27.211190903289058
113,0.99,-28.364746608509915
113,0.995,-28.712240238712326
113,1.0,-28.409741691423967
113,1.0050000000000001,-30.51128360481055
113,1.01,-27.997401818987875
113,1.0150000000000001,-31.08804769513813
113,1.02,-31.694136367850945
113,1.025,-31.82593728414548
113,1.03,-30.839667449303683
113,1.035,-27.126844536655003
113,1.04,-31.075066487923223
113,1.045,-30.96250214048466
113,1.05,-29.409612209598027
113,1.055,-32.405310467340016
113,1.06,-34.16312939337585
113,1.065,-33.27977906725923
113,1.07,-33.15973601622932
113,1.075,-35.253443914023705
113,1.08,-33.495224619658714
113,1.085,-33.19309161424
113,1.09,-30.575760613299295
113,1.095,-32.65572200592224
113,1.1,-33.88281264939
113,1.105,-35.088088159656515
113,1.11,-35.659621394563
113,1.115,-37.52656083256217
113,1.12,-35.27704610393836
113,1.125,-38.7064928585111
113,1.1300000000000001,-35.78690503753287
113,1.135,-33.30299887603225
113,1.1400000000000001,-36.63395231660413
113,1.145,-35.651373786024116
113,1.1500000000000001,-37.87026538518924
113,1.155,-39.654133207021616
113,1.16,-36.63042735197257
113,1.165,-37.655255847891326
113,1.17,-36.792654424629866
113,1.175,-37.560468425293
113,1.18,-37.06018740471155
113,1.185,-38.97901683191232
113,1.19,-37.64868937704988
113,1.195,-37.15177182808022
113,1.2,-39.80190679978578
113,1.205,-39.72313517638989
113,1.21,-37.784781024885326
113,1.215,-38.90658110999184
113,1.22,-40.271777320056565
113,1.225,-42.60842201940196
113,1.23,-40.85118854552394
113,1.235,-38.2700651970213
113,1.24,-41.59934952946684
113,1.245,-41.42540968576568
113,1.25,-42.81770811532341
113,1.2550000000000001,-41.78639815974577
113,1.26,-41.858373063207054
113,1.2650000000000001,-41.633955444746825
113,1.27,-43.397237913066775
113,1.2750000000000001,-44.39275018655147
113,1.28,-39.4120803538757
113,1.285,-42.80893878332498
113,1.29,-44.70621041745759
113,1.295,-43.81718421541723
113,1.3,-42.999687295003646
113,1.305,-42.225040874748466
113,1.31,-43.75685466627108
113,1.315,-45.03720057025376
113,1.32,-43.884898327210045
113,1.325,-47.26934416115989
113,1.33,-46.769875143786784
113,1.335,-43.36162144306387
113,1.34,-45.324130595551
113,1.345,-46.00572792969605
113,1.35,-47.209067066089894
113,1.355,-48.34020918589446
113,1.36,-46.18182687209803
113,1.365,-46.775211150797915
113,1.37,-44.1400558916345
113,1.375,-48.75510260828165
113,1.3800000000000001,-47.53049116591168
113,1.385,-48.391041252007895
113,1.3900000000000001,-49.55415109741338
113,1.395,-45.1222115152238
113,1.4000000000000001,-46.12327557930936
113,1.405,-48.468827790183816
113,1.41,-51.37038323055416
113,1.415,-48.64093716123456
113,1.42,-48.5500702574385
113,1.425,-50.7106106419683
113,1.43,-52.67834296826906
113,1.435,-46.95689268501068
113,1.44,-52.75138891781678
113,1.445,-48.66156188290331
113,1.45,-51.99052035464972
113,1.455,-51.72919014827129
113,1.46,-49.46074901211868
113,1.465,-53.521128713247336
113,1.47,-52.30873882507784
113,1.475,-52.04046741627086
113,1.48,-50.06596617202345
113,1.485,-50.58628699579061
113,1.49,-52.36842574081509
113,1.495,-55.07130600160521
113,1.5,-50.897955445634736
113,1.5050000000000001,-54.031184714378256
113,1.51,-52.979799882125036
113,1.5150000000000001,-57.097163143541415
113,1.52,-54.25931901021
113,1.5250000000000001,-53.226735464180216
113,1.53,-55.031234016848025
113,1.5350000000000001,-53.472933314669355
113,1.54,-52.425471244561635
113,1.545,-52.1094176116637
113,1.55,-56.27949486385002
113,1.555,-58.31067233005733
113,1.56,-60.26182450324796
113,1.565,-56.518388690665915
113,1.57,-59.17097229981407
113,1.575,-55.47748851116917
113,1.58,-60.50901188319117
113,1.585,-54.76582558640857
113,1.59,-56.90116393954346
113,1.595,-60.24279241813934
113,1.6,-56.91316027695959
113,1.605,-56.5586567889574
113,1.61,-56.794469072542874
113,1.615,-58.107375685864014
113,1.62,-57.11383475864112
113,1.625,-57.50567012233077
113,1.6300000000000001,-59.379614511293525
113,1.635,-58.76495627655983
113,1.6400000000000001,-61.6644608661007
113,1.645,-57.87189287649952
113,1.6500000000000001,-62.07335082486511
113,1.655,-60.127802824670646
113,1.6600000000000001,-62.2667503295451
113,1.665,-58.35175409557331
113,1.67,-60.07047772309844
113,1.675,-62.63345339335567
113,1.68,-60.28704565067309
113,1.685,-61.44089221781966
113,1.69,-59.911409072430125
113,1.695,-61.34210914909045
113,1.7,-61.71810068940645
113,1.705,-62.28625248574932
113,1.71,-65.2979149790201
113,1.715,-61.27025621359836
113,1.72,-60.92769259705105
113,1.725,-64.54347513135731
113,1.73,-61.78166301291708
113,1.735,-60.63465422573837
113,1.74,-61.323073604569444
113,1.745,-60.71527978869144
113,1.75,-61.6647345500316
113,1.7550000000000001,-64.48289826388265
113,1.76,-59.39486440264961
113,1.7650000000000001,-63.81943055546304
113,1.77,-65.29691480336176
113,1.7750000000000001,-61.284699662478694
113,1.78,-65.8485107686965
113,1.7850000000000001,-62.81869806634677
113,1.79,-66.36115456673653
113,1.795,-62.49265722150803
113,1.8,-62.39044472930493
113,1.805,-66.13730377624171
113,1.81,-64.16877459992624
113,1.815,-64.02701754973747
113,1.82,-65.83870041792771
113,1.825,-64.75463733815906
113,1.83,-66.19216926974326
113,1.835,-67.48169647869689
113,1.84,-68.3497340911516
113,1.845,-65.82188458422935
113,1.85,-65.42178179222564
113,1.855,-64.95210303667844
113,1.86,-65.80967755130061
113,1.865,-65.5111055080853
113,1.87,-67.83335224893867
113,1.875,-63.53280824206574
113,1.8800000000000001,-69.08439628146684
113,1.885,-65.82400775483092
113,1.8900000000000001,-67.92569343209503
113,1.895,-68.31080219132083
113,1.9000000000000001,-63.43795046450458
113,1.905,-66.79020187279649
113,1.9100000000000001,-70.48319363037349
113,1.915,-67.3552299178393
113,1.92,-69.22488092861902
113,1.925,-64.3565812391782
113,1.93,-70.2410968946496
113,1.935,-68.4559158723161
113,1.94,-69.8439567053131
113,1.945,-70.08760156208506
113,1.95,-67.3606471609732
113,1.955,-66.58025721732781
113,1.96,-66.42531297425568
113,1.965,-69.50424249778769
113,1.97,-70.59173230893532
113,1.975,-68.22770470692157
113,1.98,-70.38335994160232
113,1.985,-66.1577311370471
113,1.99,-72.7504039122704
113,1.995,-68.78843859413212
113,2.0,-72.59047931281478
113,2.005,-72.15386145429822
113,2.0100000000000002,-73.58749917115111
113,2.015,-73.04192661655777
113,2.02,-69.0816141758852
113,2.025,-71.91650722197976
113,2.0300000000000002,-72.80519162290896
113,2.035,-73.22471954680317
113,2.04,-72.65827557267998
113,2.045,-71.64180444838512
113,2.05,-68.78149950251499
113,2.055,-70.75536610836377
113,2.06,-70.98141862568522
113,2.065,-71.20298732112069
113,2.07,-69.37556584328075
113,2.075,-73.16579755712814
113,2.08,-70.38080527419208
113,2.085,-73.68856816499841
113,2.09,-73.6233884093033
113,2.095,-69.80760745537575
113,2.1,-71.16501381403063
113,2.105,-71.7928957525739
113,2.11,-73.62071544817313
113,2.115,-70.38500014186248
113,2.12,-66.4373800275931
113,2.125,-70.1800992562681
113,2.13,-70.18157183458271
113,2.1350000000000002,-71.7455266046297
113,2.14,-68.80279010322755
113,2.145,-72.48374573423717
113,2.15,-64.74012988501315
113,2.1550000000000002,-71.0136832337853
113,2.16,-71.47663972198956
113,2.165,-68.76659477228604
113,2.17,-74.25508908189043
113,2.1750000000000003,-73.28318379104948
113,2.18,-73.39549986472453
113,2.185,-72.23142249622013
113,2.19,-67.57428131838259
113,2.195,-73.95664336615602
113,2.2,-65.89210852908188
113,2.205,-69.44986851860942
113,2.21,-68.01430447686721
113,2.215,-71.23081226110328
113,2.22,-75.40234115952767
113,2.225,-74.65043532386447
113,2.23,-68.62520800737538
113,2.235,-72.55172637719494
113,2.24,-70.92989080629948
113,2.245,-71.07483518047125
113,2.25,-68.19577432682041
113,2.255,-68.62931477717208
113,2.2600000000000002,-70.94636047383936
113,2.265,-71.50898528982863
113,2.27,-69.33676172885463
113,2.275,-74.35385171253556
113,2.2800000000000002,-73.43713207883964
113,2.285,-74.94971116430601
113,2.29,-73.99044859738834
113,2.295,-75.46337311019616
113,2.3000000000000003,-69.64529244487332
113,2.305,-72.37873508063768
113,2.31,-67.3344290174064
113,2.315,-72.52040527764223
113,2.32,-71.02889299581388
113,2.325,-72.91692809004869
113,2.33,-69.89529943686519
113,2.335,-70.23703464163856
113,2.34,-72.53742037911718
113,2.345,-70.89759690455891
113,2.35,-73.59940115680178
113,2.355,-73.099019530685
113,2.36,-74.24960707158186
113,2.365,-69.53641513626141
113,2.37,-74.09078847056679
113,2.375,-74.48961227138228
113,2.38,-69.34552891030278
113,2.3850000000000002,-72.0405901782295
113,2.39,-75.23751181382461
113,2.395,-74.63822982887986
113,2.4,-73.33557968644016
113,2.4050000000000002,-74.6723713087807
113,2.41,-72.09805233227246
113,2.415,-74.93373889169277
113,2.42,-74.97769941544267
113,2.4250000000000003,-69.92387847903741
113,2.43,-67.61976539427096
113,2.435,-68.48794935068047
113,2.44,-72.91569664250476
113,2.445,-70.51016754350147
113,2.45,-72.38690511234478
113,2.455,-67.25573989458779
113,2.46,-71.10278264290895
113,2.465,-70.604018349917
113,2.47,-66.94769781749994
113,2.475,-68.60886065744592
113,2.48,-71.50134255085284
113,2.485,-74.45483561146759
113,2.49,-72.78490998610059
113,2.495,-75.48266889991314
113,2.5,-67.44295819569102
113,2.505,-72.26973640691769
113,2.5100000000000002,-70.0063006187954
113,2.515,-71.3146415691207
113,2.52,-73.76841292291132
113,2.525,-71.09987330521227
113,2.5300000000000002,-70.85708169625136
113,2.535,-71.97763679076114
113,2.54,-71.94951317908304
113,2.545,-70.97961081765885
113,2.5500000000000003,-74.40340160325972
113,2.555,-72.21061343170255
113,2.56,-73.12886633447964
113,2.565,-73.9483444490677
113,2.57,-71.56311580384724
113,2.575,-77.77615193942867
113,2.58,-75.64486797270125
113,2.585,-72.54493281646819
113,2.59,-67.89386988270421
113,2.595,-70.49443907889439
113,2.6,-74.07232695017869
113,2.605,-68.1857823103655
113,2.61,-71.69511955269418
113,2.615,-73.9297881143142
113,2.62,-72.4808706819815
113,2.625,-68.0797228351803
113,2.63,-70.00561851835059
113,2.6350000000000002,-74.13632462878286
113,2.64,-75.11186451080845
113,2.645,-70.64342299572225
113,2.65,-75.45229070032842
113,2.6550000000000002,-73.62988679950281
113,2.66,-70.43323166284522
113,2.665,-75.22587841772538
113,2.67,-74.59092371120208
113,2.6750000000000003,-71.83000247616043
113,2.68,-73.2272987625449
113,2.685,-68.9044576622647
113,2.69,-72.52779774898626
113,2.695,-70.87699705926234
113,2.7,-70.7697721343081
113,2.705,-74.23319421268793
113,2.71,-70.34757474654127
113,2.715,-69.0639990583055
113,2.72,-73.24418545512415
113,2.725,-74.35437204713196
113,2.73,-73.5443063625704
113,2.735,-68.93382432660358
113,2.74,-72.96035586841032
113,2.745,-74.32804243807779
113,2.75,-76.49363303523188
113,2.755,-73.14927283807043
113,2.7600000000000002,-76.85541491125112
113,2.765,-70.5559064985832
113,2.77,-75.44665821024036
113,2.775,-76.84069976105083
113,2.7800000000000002,-70.53807881491461
113,2.785,-72.40252437025084
113,2.79,-72.0758445013368
113,2.795,-76.06685601571655
113,2.8000000000000003,-71.32904812674042
113,2.805,-72.6822906455882
113,2.81,-73.14475442782458
113,2.815,-71.1310264120761
113,2.82,-70.68818227020124
113,2.825,-73.95275950093513
113,2.83,-69.35872412495655
113,2.835,-72.34306949390404
113,2.84,-74.16282803737964
113,2.845,-72.18614078428914
113,2.85,-73.33149654914484
113,2.855,-69.66883101042673
113,2.86,-73.41216179201295
113,2.865,-74.63842046083644
113,2.87,-74.2912549086396
113,2.875,-72.01454937965794
113,2.88,-78.95851506022868
113,2.8850000000000002,-78.29423303341198
113,2.89,-75.31980677138169
113,2.895,-73.3226245171521
113,2.9,-72.87427470841618
113,2.9050000000000002,-75.70817041222034
113,2.91,-79.47291890022328
113,2.915,-81.19286818275144
113,2.92,-75.64058820081405
113,2.9250000000000003,-76.46909012778976
113,2.93,-74.421108320917
113,2.935,-72.47979808625341
113,2.94,-78.00945638997172
113,2.945,-71.45715420967383
113,2.95,-76.82252510341912
113,2.955,-76.21342676373993
113,2.96,-75.25314677743837
113,2.965,-81.46120086486495
113,2.97,-68.87060227289157
113,2.975,-76.90305887920273
113,2.98,-72.74582742788971
113,2.985,-78.16051553972869
113,2.99,-81.0058915292063
113,2.995,-79.50879009805143
113,3.0,-79.8221156585106
